Ecotype,Fresh weight,ChlA,ChlB,Protein content,NO3-,Amino acid,Glc,Fru,G6P,Suc,starch,Fum,Mal,FK,GK,nINV,aINV,G6PDH,FBP,FUMARASE,iRub,mRub,SPS,UGP,PGM,cPGI,tPGI,pPGI,AGP,NRVs,NRVm
8271,0.046,1.222,0.339,13.691,103.458,41.043,3.143,2.419,361.846,2.752,58.082,4.485,11.343,209.8,303.085,272.4,958.615,576.175,227.57,6394.755,4360.1,4488.815,67.54,5912.76,8606.485,844.635,1267.145,422.51,1476.755,307.88,547.785
6098,0.066,1.285,0.328,11.106,128.014,29.078,3.071,3.052,252.594,1.856,59.366,10.902,5.766,85.51,121.25,191.42,434.96,420.69,572.54,2252.15,3632.78,4233.67,192.4316284,8100.31,6953.79,846.12,1193.75,347.63,1279.43,243.5,467.75
6940,0.075,1.268,0.303,13.428,124.918,37.313,2.777,2.988,310.192,3.118,70.744,6.121,7.372,180.335,143.575,189.6,734.04,1401.735,84.75,3505.54,4253.64,4680.56,98.79,10268.58,10277.63,961.195,1297.995,336.8,1646.615,309.125,458.01
7354,0.081,1.024,0.27,12.571,93.786,22.713,2.834,1.878,325.267,1.221,40.256,4.811,11.162,135.56,196.49,132.09,694.19,438.34,156.54,5338.47,3705.555,4403.835,240.21,7211.695,7934.085,709.66,1101.475,391.815,1310.5,306.84,537.09
8297,0.088,1.129,0.292,12.714,132.414,30.228,4.035,1.098,279.396,1.965,61.664,10.599,9.818,231.13,359.13,192.47,657.745,524.51,227.62,3809.02,4336.16,6382.26,192.4316284,9095.82,9738.975,685.595,1145.095,459.5,1654.63,279.405,539.935
4997,0.088,1.459,0.35,15.947,161.868,34.072,3.544,2.073,277.84,3.044,102.516,14.895,9.868,135.25,386.42,60.23,626.34,551.26,187.26,1442.09,5242.29,5340.19,84.38,7519.68,8697.1,733.84,1107.3,373.46,1267.48,307.36,514.35
7506,0.097,1.332,0.374,13.303,109.874,40.864,4.144,2.943,257.984,1.513,53.107,4.188,15.061,307.71,412.965,144.66,768.52,1065.895,242.545,2525.88,2480.795,3209.715,156.45,5920.525,4827.385,528.11,814.945,286.835,1253.255,172.19,297.89
6913,0.098,1.244,0.297,16.29,96.478,41.135,2.177,2.129,303.646,1.757,55.938,4.586,11.064,324.99,377.07,221.4,895.76,629.25,206.2,3557.16,4561.005,5798.685,89.85,8310.14,8989.61,923.535,1286.78,363.245,1621.585,271.305,531.225
5742,0.1,1.314,0.296,13.798,142.939,27.402,4.269,2.735,258.349,2.154,38.193,9.727,5.093,202.445,283.71,183.525,752.715,1318.095,134.71,4495.975,4545.285,4243.485,163.95,7678.71,9175.685,830.03,1339.83,509.8,1385.325,287.78,480.97
6085,0.101,1.443,0.305,15.055,110.993,32.859,8.317,2.652,131.357,1.288,129.456,16.944,14.129,334.07,245.65,190.29,591.33,586.53,152.06,1825.37,3955.429877,3187.11,192.4316284,8417.04,1525.95,560.35,726,165.65,1323.66,206.59,268.58
6944,0.103,1.244,0.331,14.564,112.798,31.421,4.771,4.527,307.199,2.371,51.181,5.588,12.764,465.21,724.49,277.545,1005.13,1000.03,90.055,5031.385,4503.185,4804.79,279.29,8221.7,9490.555,901.085,1311.11,410.025,1495.31,346.435,584.23
1867,0.111,1.193,0.256,11.939,122.284,29.71,2.023,2.913,265.651,1.23,77.132,9.865,8.558,223.74,210.02,139.26,679.7986801,675.96,201.84,4859.52,5223.63,5681.77,192.4316284,6116.85,9097.8,835.88,1273.36,437.48,1440.55,285.97,544.21
8241,0.115,1.513,0.308,15.046,127.545,36.937,4.766,2.543,320.905,3.482,74.006,11.657,11.304,239.525,130.58,195.375,532.17,414,214.195,6274.275,5012.865,5272.505,197.13,10846.63,10746.405,1183.785,1609.32,425.535,1711.8,363.835,629.7
6188,0.117,1.453,0.345,12.187,117.803,37.562,4.557,5.702,380.441,2.529,59.651,10.341,13.632,77.885,231.855,201.01,515.2,651.965,118.97,4195.995,4870.18,5007.52,242.57,6717.72,10231.135,1168.535,1415.51,246.975,1116.575,315.52,553.83
6968,0.118,1.287,0.321,12.484,105.837,35.696,6.741,5.135,231.354,2.708,60.623,14.495,6.951,222.145,229.49,184.08,650.145,729.4,193.54,2123.22,3332.43,4068.265,192.4316284,9171.95,4985.85,679.16,1030.815,351.655,1341.12,236.895,361.3
7438,0.119,1.441,0.301,15.161,122.809,31.015,3.052,3.938,262.956,2.221,98.586,13.517,8.738,262.045,323.18,161.22,463.375,593.16,305.125,5211.585,6471.035,6351.745,274.405,10117.05,10014.555,886.27,1403.955,517.685,1819.805,335.165,445.285
5887,0.122,1.368,0.355,11.809,124.099,33.295,2.274,2.417,205.374,1.335,45.34,6.313,12.145,242.515,388.715,197.815,1382.07,672.61,113.645,3544.545,3991.27,4036.745,316.73,8291.095,5202.11,606.095,890.795,284.7,1094.755,207.5,330.965
8314,0.124,1.171,0.292,12.738,124.022,29.67,1.899,1.92,268.833,1.878,55.737,14.438,9.11,230.275,327.78,239.77,945.52,454.05,99.455,4336.335,4872.82,4959.205,192.4316284,7783.19,7976.705,959.455,1296.25,336.795,1537.835,269.26,451.45
8240,0.125,1.586,0.343,14.857,92.769,41.4,4.664,3.221,358.892,3.185,78.837,15.835,17.964,233.94,231.505,482.455,1081.48,780.205,496.595,7003.81,6345.44,5982.28,1187.58,9001.75,9579.095,1033.94,1474.505,440.565,2450.845,384.28,464.45
6100,0.126,1.179,0.309,12.993,150.126,30.463,4.48,2.11,223.217,1.637,54.741,14.963,8.643,395.515,299.095,187.84,504.005,582.04,238.12,1427.195,3582.2,5070.565,119.91,7571.47,8317.74,786.375,1160.68,374.305,1554.855,249.2,462.82
8351,0.128,1.304,0.31,12.24,99.844,29.51,3.127,2.702,310.224,1.793,77.213,13.689,8.281,216.82,246.47,207.27,604.92,727.395,190.795,3983.33,3585.525,4953.425,135.21,12356.04,10266.135,862.27,1354.97,492.7,1766.5,324.655,572.91
8300,0.131,1.352,0.34,14.102,106.581,25.588,4.918,3.199,280.234,1.992,82.909,19.718,8.737,329.12,191.475,174.295,515.7,661.225,166.62,3835.41,4461.98,5540.72,166.22,9288.98,10923.365,796.37,1364.42,568.05,1641.37,398.705,612.575
66,0.132,1.345,0.315,11.972,118.488,27.775,3.617,2.718,249.148,1.887,71.654,6.92,9.067,246.115,79.87,140.86,610.275,654.465,212.345,1670.05,3773.775,3769.41,177.47,9100.9,8995.58,782.23,1078.26,296.03,1943.83,245.375,296.62
8323,0.132,1.321,0.349,12.354,112.947,22.197,3.212,2.073,303.291,2.324,87.542,8.588,11.204,273.81,355.055,231.565,769.54,466.775,101.2,3574.455,3616.44,4647.22,101.6,6816.88,8902.875,928.235,1285.55,357.315,1137.525,214.17,435.475
173,0.133,1.459,0.338,15.066,105.51,31.716,4.447,5.096,365.375,3.01,44.46,6.709,13.103,475.125,427.99,477.985,1520.08,1049.155,305.15,3733.665,3907.735,4854.535,256.045,7945.64,9390.59,992.535,1466.01,473.475,1772,226.145,474.575
223,0.133,1.372,0.316,12.939,120.773,23.378,2.25,2.689,257.004,2.086,47.467,7.596,8.247,110.18,129.07,168.73,620.09,837.09,128.43,5372.9,4163.02,5071.79,149.45,6700.73,9403.83,840.22,1283.27,443.05,1691.8,341.5,634.82
6910,0.137,1.11,0.295,12.667,120.165,44.26,4.07,1.182,310.784,2.823,100.769,6.65,5.97,335.36,347.9,138.82,679.7986801,583.03,213.13,4485.91,4286.21,5356.32,192.4316284,9524.33,9367.27,820.84,1367.66,546.82,1682.96,254.44,512.8
7518,0.138,1.125,0.309,11.407,119.459,33.311,3.515,2.401,260.922,2.7,40.688,12.159,7.138,446.615,238.025,192.45,434.245,448.62,207.85,6085.82,3816.55,5303.68,223.11,7175.335,8732.49,815.315,1206.33,391.015,1356.315,262.2,515.785
6933,0.139,0.97,0.284,11.323,106.76,21.498,3.44,2.772,280.493,1.637,69.498,5.999,8.365,111.11,157.175,185.72,784.23,560.685,143.345,2329.765,2590.635,3978.97,96.75,6263.775,7396.945,515.44,948.665,433.225,1149.465,210.71,388.78
8264,0.14,1.272,0.314,12.296,133.331,33.975,4.42,1.924,336.797,2.616,102.818,7.732,13.733,416.06,197.7,195.135,1187.82,424.755,272.905,4107.26,4045.105,3939.185,51.88,9048.78,7563.685,669.465,1019.34,349.875,1478.26,251.365,461.64
5606,0.14,1.173,0.276,13.092,123.552,31.581,3.9,2.389,301.195,2.641,60.31,12.046,9.705,201.86,354.55,78.08,716.48,308.38,120.52,2420.78,6008.22,6182.13,192.4316284,6296.86,9336.16,697.01,1059.95,362.94,815.91,390.27,445.09
7502,0.141,1.296,0.352,12.238,134.211,25.284,3.334,2.283,214.184,2.527,54.883,9.834,10.8,130.735,207.47,216.97,1032.715,524.135,282.825,2871.915,4621.51,5265.53,192.4316284,8483.77,7950.285,700.695,1021.1,320.405,1227.6,303.15,516.615
5896,0.141,1.321,0.322,14.492,119.96,26.516,4.654,2.687,287.465,1.767,51.701,6.168,10.345,254.9,180.03,229.195,907.23,516.5,199.175,4485.93,5126.22,5267.97,192.4316284,9150.985,8256.88,768.88,1112.495,343.615,1614.51,324.91,470.6
6318,0.142,1.504,0.358,14.574,119.797,24.331,3.076,3.188,314.631,2.251,44.701,10.387,13.587,120.03,235.52,404.01,1414.09,540.54,136.03,2981.66,4187.13,3886.87,210.43,8271.88,9350.06,918.6,1481.5,562.9,1170.47,347.5,603.07
7384,0.144,1.196,0.334,12.6,138.993,37.391,3.658,2.72,258.353,2.27,95.552,11.962,8.589,161.97,157.945,215.26,815.85,1305.5,402.97,2560.825,3990.51,3782.085,47.53,8151.355,5901.865,648.075,850.27,202.195,1415.81,197.815,362.215
5785,0.144,1.345,0.345,12.45,136.988,31.346,3.911,1.557,293.388,2.263,50.174,12.482,8.875,266.695,328.42,186.28,1035.18,321.375,141.825,3784.69,4708,5227.04,192.4316284,8403.08,7545.005,714.05,1164.435,450.385,1349.29,429.365,599.17
6096,0.145,1.578,0.373,15.341,116.708,32.766,4.295,4.257,261.852,3.141,95.38,13.483,14.597,439.95,443.88,248.76,589.82,852.14,339.18,5304.02,5215.3,6970.54,192.4316284,7836.18,10642.95,1020.21,1612.7,592.49,1675.35,399.5,744.93
373,0.145,0.995,0.27,11.495,119,29.388,2.525,3.361,240.889,1.885,56.743,9.914,7.76,237.66,209.41,152.56,679.7986801,819.07,186.76,1999.78,3368.94,4345.46,192.4316284,11858.62,8325.85,752.59,1229.07,476.48,1095.26,283.31,465.1
6119,0.153,1.502,0.317,13.576,138.053,31.722,5.477,3.323,254.649,2.244,93.432,10.021,11.143,508.245,467.255,196.25,717.88,717.59,155.345,7324.65,4527.565,5411.665,192.4316284,8544.4,7992.415,858.9,1168.415,309.515,1479.35,270.53,471.08
6909,0.156,1.317,0.31,13.311,120.756,26.866,3.164,1.397,237.075,2.167,47.949,11.777,7.826,110.06,202.865,178.63,598.54,818.35,104.135,4388.325,4970.05,4153.255,192.4316284,8027.7,9041.82,867.435,1243.685,376.25,1577.815,306.59,514.875
6914,0.158,1.284,0.317,13.949,132.108,34.23,4.161,1.931,267.446,2.021,69.191,11.61,7.633,256.95,293.29,91.735,591.23,1540.3,212.56,3798.39,4247.42,3259.115,132.625,7224.595,8086.04,609.145,1010.72,401.575,1415.28,258.775,432.55
260,0.158,1.351,0.318,14.022,109.642,31.74,7.219,3.166,293.638,2.247,88.082,14.891,13.159,222.735,471.16,253.9,1060.2,1588.71,250.785,4160.815,4825.825,4811.32,192.4316284,9175.325,10171.635,875.715,1274.885,399.17,1439.32,300.415,582.305
5832,0.159,1.741,0.378,15.359,126.734,31.436,3.422,3.011,299.796,2.761,54.608,17.25,11.211,187.66,112.39,179.7,623.655,633.035,249.13,3046.325,5581.805,6491.04,272.6,8147.11,10013.045,983.94,1374.285,390.345,1965.945,372.965,535.655
8430,0.162,1.494,0.323,13.771,132.716,29.565,4.521,4.962,260.739,2.623,69.83,22.932,9.092,191.02,373.01,176.795,692.83,1109.215,155.095,3304.87,6164.535,6783.59,258.41,10428.905,11403.905,1368.895,1302.82,351.6805919,1557.34,363.76,566.37
1925,0.167,1.337,0.348,13.39,105.245,25.456,4.958,2.854,272.714,1.848,98.115,11.307,11.134,271.3,71.31,151.62,834.98,451.42,160.11,3852.31,4119.68,4724.5,192.4316284,7306.45,3835.19,364.91,720.62,355.71,1593.47,275.03,378.71
6194,0.167,1.368,0.326,14.694,109.753,28.066,2.328,2.747,315.885,2.373,49.459,10.14,12.36,104.585,104.755,208.04,664.95,527.295,280.34,5591.55,5018.55,5519.61,206.42,8880.875,8837.035,917.89,1257.555,339.665,1578.96,400.84,607.2
5837,0.168,1.42,0.306,12.627,130.26,24.951,3.184,2.493,221.398,2.238,68.172,9.743,11.025,147.02,192.62,192.995,717.21,460.235,294.645,2507.325,3354.615,3592.96,192.4316284,8613.21,6463.695,783.41,1061.675,278.265,1673.165,367.195,525.635
6020,0.17,1.208,0.294,12.585,117.445,26.852,1.797,1.719,282.048,2.205,51.082,15.014,10.373,159.47,194.23,162.835,700.56,546.48,114.12,2570.64,5401.94,5433.3,362.16,8348.08,9482.73,809.225,1261.525,452.3,1466.01,253.08,438.22
166,0.172,1.379,0.348,12.786,108.773,23.891,3.53,2.242,202.287,1.757,56.72,12.523,10.044,115.53,168.22,177.9,575.845,1195.53,136.01,2094.475,2841.425,3111.32,181.56,6420.73,5114.52,478.65,836.89,358.24,1501.825,214.425,331.77
386,0.172,1.383,0.368,12.067,155.978,26.152,6.078,3.256,253.472,2.061,65.097,11.456,4.939,153.095,260.455,151.285,763.78,433.14,163.265,3449.41,4793.92,4858.475,160.81,9175.02,8537.56,417.995,1172.42,754.425,1278.445,226.68,368.46
7337,0.174,1.266,0.334,13.335,112.268,21.82,4.565,2.067,177.803,1.252,44.643,13.311,7.02,160.57,294.81,133.83,511.045,405.72,77.33,5621.55,2634.19,3472.95,134.6,6636.87,5464.2,489.26,781.64,292.38,1352.74,242.26,424.42
6958,0.176,1.3,0.315,11.295,122.977,25.389,2.016,2.211,281.246,1.864,49.194,8.445,10.643,156.75,196.55,146.95,619.21,736.845,123.575,2376.665,4781.97,4543.835,267,7394.44,8275.505,753.185,1042.275,289.09,906.69,275.17,591.42
7284,0.177,1.393,0.317,13.026,114.749,31.092,4.044,2.449,212.544,1.847,59.043,12.272,8.878,180.72,456.27,194.33,581.005,450.555,193.64,2726.255,4749.89,3255.175,192.4316284,5269.14,5802.64,554.605,885.59,330.985,1498.25,173.82,330.33
8242,0.177,1.346,0.306,12.865,137.592,30.614,2.886,3.244,250.463,1.843,58.059,16.254,9.435,308.305,108.925,163.12,569.475,690.215,137.72,4896.905,4847.41,5553.59,262.49,8619.6,10150.465,877.795,1337.195,459.4,1203.03,360.85,571.98
258,0.177,1.469,0.302,14.159,111.206,24.318,10.702,4.792,206.487,1.955,78.785,15.226,8.171,238.495,313.065,172.41,770.56,404.89,84.9,2800.385,3486.6,4316.53,208.22,7895.94,7004.2,599.545,1051.76,452.215,1623.235,189.195,344.1
6918,0.178,1.373,0.337,11.869,115.997,37.306,7.218,3.423,312.382,2.232,53.786,14.023,10.414,203.795,250.455,204.97,773.96,1118.24,106.62,3157.95,4350.755,5501.715,192.4316284,7737.78,8471.09,753.19,1255.155,501.965,1617.15,291.895,530.55
178,0.18,1.231,0.293,11.064,107.72,21.174,4.641,2.481,260.554,2.081,50.954,11.569,8.471,152.25,228.155,209.22,766.15,568.27,183.685,1524.105,4049.705,4945.665,192.4316284,7327.92,8511.935,716.63,1065.495,348.865,1624.495,330.535,526.93
7320,0.181,1.263,0.375,12.332,95.351,20.401,3.088,2.548,280.521,1.572,30.37,4.427,10.72,241.97,226.12,172.035,847.34,395.505,251.71,2379.885,3320.8,4449.585,191.21,8634.365,8245.805,758.98,1134.71,375.73,1720.115,195.915,471.67
6904,0.181,1.358,0.322,12.216,104.474,25.359,6.834,2.848,290.945,2.756,58.699,23.143,14.295,308.565,307.36,177.755,716.195,641.765,201.905,2211.55,3915.81,4952.03,196.34,8569.92,7405.755,770.015,1070.24,300.225,1596.67,207.035,366.715
7496,0.182,1.209,0.321,12.077,120.277,21.301,3.012,2.127,250.211,2.055,40.8,12.751,7.533,215.485,188.9,167.885,1007.19,561.615,46.97,2118.72,3142.09,3787.57,91.98,6467.59,6638.895,578.175,961.845,383.67,948.37,181.795,372.535
5805,0.182,0.96,0.295,12.596,124.775,27.162,3.19,1.709,249.036,1.795,39.164,9.638,10.444,205.93,165.445,245.5,491.85,256.87,207.675,3047.365,2191.315,3212.35,45.88,7417.67,4367.5,584.75,760.835,176.085,1234.355,233.18,351.965
2187,0.183,1.253,0.314,14.223,123.638,32.781,3.485,2.161,222.462,1.836,63.255,11.484,9.541,232.385,678.53,51.95,576.07,126.005,307.93,2072.96,2881.27,2849.595,192.4316284,6938.57,2939.79,525.96,595.835,69.875,1277.73,187.58,434.255
7181,0.184,1.439,0.334,13.292,130.382,31.068,6.821,2.088,147.627,1.797,61.037,17.456,11.083,276.825,305.055,184.05,623.185,638.78,132.6,2187.51,3607.84,4423.57,192.4316284,8194.46,5120.6,553.63,900.795,347.165,1349.98,212.44,383.645
6046,0.186,1.357,0.312,11.332,111.836,29.839,4.639,4.437,325.846,1.856,64.924,14.528,11.914,418.795,225.115,107.2,797.125,593.32,149.5,5266.955,4938.615,5447.885,192.4316284,10126.42,10418.96,1000.13,1514.17,514.04,2046.265,276.465,479.5
7390,0.19,1.335,0.346,12.736,134.832,31.321,4.496,1.237,246.418,1.71,51.233,16.161,6.919,396.25,185.785,210.475,816.145,499.88,103.22,3356.88,4308.985,4925.82,153.36,8354.65,9157.71,702.405,1069.29,366.885,1561.405,223.19,463.115
8231,0.19,1.403,0.349,13.015,108.682,35.855,3.164,1.648,225.708,2.321,63.332,19.129,8.864,438.11,110.01,194.52,772.36,456.11,261.78,5897.28,2142.2,3607.62,41.22,8097.12,5797.93,379.77,812.57,432.8,1255.76,359.41,469.06
149,0.19,1.411,0.336,12.288,121.54,29.215,2.789,2.773,283.896,2.204,46.403,10.645,13.136,500.305,346.35,225.79,701.385,753.115,377.775,4659.68,5407.65,5368.44,192.4316284,9116.36,10526.915,913.765,1409.95,496.185,1649.31,243.925,539.905
2,0.191,1.184,0.318,12.867,119.464,23.451,3.9,2.695,272.884,1.892,63.723,10.784,8.607,110.95,123.72,197.915,773.52,442.44,170,4829.195,3208.905,5316.155,273.05,7146.1,8317.74,813.96,947.955,133.995,1741.695,283.285,531.635
6911,0.192,0.957,0.277,12.061,116.331,25.906,2.461,1.841,212.06,1.275,60.713,8.57,5.536,238.515,228.535,165.42,1095.385,425.77,116.835,2695.97,2755.92,3879.74,192.4316284,6798.67,4026.445,379.62,670.55,290.93,1243.295,156.51,255.725
7330,0.194,1.313,0.342,13.165,108.762,32.753,3.766,3.393,282.793,2.198,46.801,6.994,12.996,265.97,192.65,308.9,1169.97,1524.265,306.63,2921.29,4297.41,4883.64,312.25,7279.535,9125.2,711.515,1296.13,584.615,1506.75,263.43,473.715
8235,0.194,1.271,0.355,11.569,106.251,23.685,3.408,2.631,272.027,1.798,45.118,16.85,7.751,242.915,270.53,150.38,466.04,530.875,113.82,3175.42,5017.595,6112.5,152.53,9236.585,9378.075,620.82,1231.645,610.825,1761.115,302.855,562.71
6970,0.195,1.211,0.328,11.417,135.353,24.37,2.652,1.664,291.794,2.091,61.439,6.353,10.926,182.4,283.425,167.875,882.64,615.86,278.035,2500.115,4307.55,5637.985,192.4316284,6338.96,7295.78,660.24,942.295,282.055,1288,318.41,556.97
6448,0.195,1.284,0.331,13.083,113.105,26.503,3.639,3.011,240.02,1.985,44.284,8.569,11.774,440.54,967.24,234.11,815.745,678.825,164.77,4867.06,4171.655,3860.275,196.48,7260.51,6993.73,863.185,1132.145,268.96,911.01,325.745,569.415
8215,0.199,1.294,0.314,12.266,118.214,26.445,2.968,3.589,315.876,3.115,66.82,7.274,16.801,244.46,292.41,182.71,570.685,746.195,86.63,1950.5,6220.14,5624.095,255.385,6942.87,8467.305,803.02,1231.545,428.525,1860.675,269.57,500.515
6919,0.199,1.47,0.318,12.099,119.634,29.498,3.292,1.506,246.995,1.757,48.937,14.324,9.238,153.535,159.37,255.09,1003.17,826.535,62.66,4477.18,5597.505,4939.245,165.64,9189.775,9053.985,903.345,1310.325,406.98,2205.43,340.925,554.935
8365,0.199,1.39,0.343,11.961,108.806,29.896,3.372,2.235,273.895,2.177,52.11,9.427,10.839,244.63,131.645,212.325,918.9,564.96,362.85,3283.6,5032.815,5829.39,236.72,7699.625,9381.095,915.845,1452.845,537,1742.935,278.755,548.12
267,0.199,1.404,0.326,12.697,126.182,31.569,5.193,3.108,191.791,1.161,104.494,17.26,9.733,319.69,206.195,224.965,926.35,623.275,222.645,2705.52,2220.31,2707.035,192.4316284,7965.13,4822.76,647.195,972.03,324.835,1163.74,185.895,356.55
7316,0.202,1.429,0.363,12.747,140.291,22.554,3.742,2.375,244.714,2.664,76.468,15.973,8.474,202.485,189.545,133.28,593.375,711.345,112.305,3870.73,3786.875,4704.56,74.065,6533.87,9019.395,863.82,1262.59,398.77,1441.335,220.86,399.865
5202,0.202,1.284,0.328,10.868,117.919,28.337,2.874,2.196,231.664,1.412,54.303,11.328,8.726,281.31,151.78,218.35,505.42,832.82,27.12,4742.36,4882.08,6203.3,192.4316284,8049.47,8943.5,802.97,1121.32,318.35,1195.5,311.28,395.2
6413,0.202,1.446,0.368,12.221,130.49,33.185,3.708,2.941,180.793,1.287,60.871,15.693,12.239,214.835,210.175,162.445,778.755,509.52,55.82,4448.53,3295.105,3732.55,192.4316284,7135.025,4974.94,556.185,882.885,326.7,923,323.155,215.205
6928,0.203,1.106,0.28,11.011,137.621,23.509,3.252,2.439,254.186,1.894,74.771,12.056,7.697,218.75,319.01,242.73,894.22,606,165.49,1427.47,4428.84,5498.05,192.4316284,8117.95,11066.32,745.92,1273.74,527.82,1598.78,327.89,457.96
390,0.204,1.348,0.339,11.759,117.181,30.494,8.792,2.95,268.816,2.38,61.65,18.193,10.212,356.6,94.61,165.17,937.655,338.155,287.53,2651.015,4677.525,5155.09,192.4316284,8850.375,7739.18,823.835,1122.415,298.58,1994.69,223.755,367.145
7490,0.205,1.5,0.355,11.087,109.251,27.542,3.204,2.385,230.594,1.812,62.328,14.384,12.508,270.64,78.34,152.88,571.99,470.395,200.245,3327.58,3153.435,4225.59,212.42,7228.875,5559.35,568.155,878.33,310.175,1586.845,214.59,370.51
7355,0.205,1.22,0.285,15.147,160.508,27.707,2.349,3.05,323.923,3.287,56.087,5.715,8.189,127.79,319.06,168.88,733.35,547.14,205.47,4967.18,3972.24,4994.37,197.48,8104.24,9330.67,769.62,1027.76,258.14,1248.08,308.78,501.58
7306,0.206,1.264,0.326,13.009,115.04,30.864,2.794,2.794,250.118,1.614,45.061,10.913,11.252,241.94,348.71,110.135,543.09,516.595,6.94,3734.86,4960.04,5121.51,192.4316284,6842.045,8631.89,873.195,1260.995,387.8,1476.57,265.095,466.905
7418,0.207,1.158,0.291,13.603,103.522,29.211,3.181,3.209,316.175,1.424,44.417,5.858,10.916,350.115,321.13,189.595,583.15,797.44,311.515,4985.965,1122.13,2914.85,192.4316284,6627.195,9173.935,831.5,1340.01,508.51,1679.955,111.81,450.75
96,0.209,1.4,0.329,11.861,117.08,18.521,3.802,1.935,224.908,2.286,67.087,21.777,8.5,172.03,136.25,174.27,818.33,716.77,176.205,2489.11,4258.66,6093.07,216.91,6121.63,8667.6,631.095,1194.135,563.04,1232.735,202.23,480.085
23,0.21,1.301,0.337,13.182,115.688,23.614,2.988,3.94,264.314,1.702,50.869,4.605,12.303,374.51,273.62,166.25,552.145,749.995,146.34,1116.885,4343.92,5329.36,270.5,6686.79,8749.21,759.825,1287.47,527.645,1724.395,201.815,473.94
5753,0.211,1.235,0.303,11.801,111.619,25.205,4.294,3.128,228.362,1.593,57.886,11.209,6.571,259.295,178.485,175.795,487.67,728.17,176.765,2485.37,4259.65,3761.88,192.4316284,5592.94,6498.935,485.78,883.715,397.935,1417.135,221.01,437.505
94,0.213,1.257,0.33,11.016,140.983,29.303,3.74,1.971,164.694,1.905,75.557,14.415,8.982,149.125,211.12,185.525,629.455,390.215,226.685,1788.44,2375.815,3844.75,221,8359.63,5705.485,579.165,816.995,237.83,1637.795,259.07,418.325
81,0.214,1.345,0.322,13.165,129.236,27.57,3.485,2.015,275.65,2.704,80.869,12.428,7.03,255.525,195.105,227.175,716.71,630.795,240.115,3737.19,4403.76,5673.02,146.34,9106.185,8797.69,841.525,1178.33,336.805,1858.7,288.685,567.465
6039,0.214,1.414,0.33,13.296,115.798,29.025,3.974,3.076,320.925,2.766,50.893,12.384,12.86,211.205,102.5,287.33,976.12,421.555,2.9,6140.16,5585.665,5430.485,234.95,9893.81,9699.13,824.735,1206.925,382.19,1238.025,361.07,632.255
6983,0.214,1.148,0.305,10.628,138.526,20.383,3.462,1.941,206.154,1.561,52.506,8.537,6.997,341.12,99.5,152.325,714.605,271.985,320.685,2217.03,4658.12,4116.545,58.94,7734.71,5592.58,603.48,826.875,223.395,1348.755,277.04,397.035
378,0.215,1.221,0.343,10.789,138.328,26.184,2.868,3.294,303.434,2.075,69.527,5.747,9.974,311.29,632.195,225.235,1108.5,869.87,205.525,2483.985,4659.825,5134.625,260.71,6604.055,9439.955,802.265,1218.675,416.41,1406.36,322.79,582.97
259,0.218,1.345,0.335,12.12,128.073,25.309,6.462,2.544,217.179,2.897,62.934,12.549,8.174,198.43,249.6,232.91,745.22,533.18,366.6,4080.5,4645.32,5008.49,192.4316284,7928.5,9687.39,789.68,1170.46,380.78,1705.4,243.6,361.47
6898,0.219,1.378,0.364,12.619,115.606,27.248,2.847,3.231,295.682,2.261,26.595,4.513,7.727,282.765,354.325,188.57,666.045,1021.215,168.155,2878.06,4210.25,4367.465,192.4316284,7717.19,9170.79,822.58,1204.84,382.26,1272.12,235.655,404.71
8265,0.221,1.212,0.307,11.243,108.764,30.499,3.327,3.817,268.834,2.106,63.93,18.68,8.816,205.545,448.205,174.61,816.23,757.3,251.475,4852.355,4323.82,3661.335,198.52,7480.545,9456.605,827.575,1200.775,373.2,1497.15,234.755,380.495
6906,0.222,1.463,0.338,14.422,115.331,31.155,4.889,2.972,292.089,2.137,58.3,6.88,11.935,274.865,397.755,231.27,821.725,1341.8,188.76,3219.32,4826.805,5776.515,329.55,7032.455,10671.6,913.47,1523.195,609.725,1538.52,292.355,585.555
1859,0.222,1.308,0.326,10.859,136.957,30.309,5.083,1.272,198.517,1.567,44.28,12.518,8.342,136.56,86.08,167.265,642.985,386.235,168.91,1737.425,3842.34,4312.975,192.4316284,7404.07,6686.3,677.72,1032.99,355.27,1325.765,325.32,485.025
8214,0.223,1.209,0.311,12.088,100.786,23.167,3.65,4.136,305.632,2.192,53.746,9.326,14.897,289.78,208.225,249.64,867.075,418.445,234.43,2674.47,4123.125,4468.37,245.45,7029.4,9172.93,830.68,1193.96,363.28,1473.24,222.97,409.23
8311,0.223,1.29,0.336,11.651,115.098,20.506,6.596,3.26,211.301,2.019,73.901,19.085,8.04,325.9,345.015,127.305,581.97,661.965,331.43,3057.935,4052.125,4657.565,80.82,6756.085,7333.09,663.035,1033.715,370.68,1662.82,239.595,416.865
104,0.223,1.274,0.298,10.491,125.864,23.72,3.955,2.346,256.021,1.715,46.022,12.8,6.11,211.165,132.68,176.465,557.13,796.515,157.685,2694.955,5737.84,5525.91,297.27,6289.22,8959.015,705.985,1123.745,417.76,1399.57,281.99,493.725
7227,0.225,1.342,0.34,12.432,112.236,25.708,5.701,4.093,254.342,2.206,35.791,14.569,6.42,301.54,371.405,171.045,933.12,515.735,271.195,6096.715,3180.685,4505.445,204.63,6961.295,7930.945,775.655,1133.405,357.75,1261.49,230.585,406.215
8275,0.225,1.536,0.351,11.942,120.341,26.396,4.804,2.21,226.326,2.248,51.358,13.308,6.208,211.23,240.44,159.095,909.315,611.24,246.48,2669.095,4457.455,3611.99,192.4316284,9030.465,8835.995,944.15,1383.3,439.15,1745.01,229.835,403.615
5341,0.225,1.329,0.345,12.328,132.142,31.373,2.791,1.703,262.482,2.08,37.272,6.689,10.908,296.515,343.125,241.465,586.45,595.61,154.975,4477.135,3987.425,5741.73,192.4316284,9208.875,8683.61,759.235,1081.745,322.51,1122.415,310.185,521.405
8239,0.226,1.228,0.334,11.178,117.257,27.294,2.756,2.842,303.367,1.164,88.096,19.096,7.292,135.23,63.13,157.42,758.2,411.65,29.05,4895.65,4566.55,5005.75,118.77,8778.84,9593.15,774.16,1138.53,364.37,1626.72,297.22,505.44
1716,0.227,1.208,0.321,13.347,154.675,22.373,1.367,1.784,237.862,2.318,30.877,7.761,7.94,160.775,104.3,164.785,602.685,331.86,53.915,4163.245,3659.775,3995.355,95.83,8241.4,8188.6,688.18,1040.745,352.565,1161.055,268.865,418.09
116,0.228,1.306,0.323,13.637,112.178,30.559,4.897,2.328,272.926,2.275,43.66,6.006,10.205,245.515,273.39,200.03,823.155,944.82,261.25,4388.22,5363.075,5497.4,366.78,7601.54,9393.025,841.5,1307.41,465.91,1385.89,255.62,480.415
5158,0.233,1.443,0.331,12.723,129.857,26.832,8.753,3.419,258.912,2.207,70.858,16.967,8.149,217.66,98.575,171.645,868.62,560.6,51.99,3223.355,4459.88,4758.49,159.64,6510.005,8933.945,804.71,1171.655,366.945,1543.99,236.535,431.43
7472,0.234,1.489,0.356,13.871,143.179,27.644,4.197,3.375,246.272,2.277,47.123,13.309,10.317,156.09,291.91,208.38,890.81,931.11,218.58,2645.565,4865.14,5443.945,186.67,8270.81,8954.385,605.39,1075.2,469.81,1273.715,393.555,661.06
7351,0.237,1.261,0.307,12.577,100.604,20.233,6.36,4.606,290.783,1.891,110.345,18.746,14.219,291.87,221.905,151.51,522.835,574.22,215.99,3552.83,5102.245,5330.66,305.3,8044.585,8835.23,898.875,1337.85,438.975,1729.88,254.65,502.71
7098,0.239,1.534,0.377,12.686,111.449,29.84,3.324,3.547,351.983,1.968,31.72,8.612,14.277,156.82,447.46,122.85,506.26,934.17,147.62,1086.23,2739.38,3818.83,101.41,5418.71,6684.03,633.12,1000.65,367.53,1081.07,199.31,403.04
6980,0.239,1.377,0.36,12.868,121.524,28.012,5.116,3.003,246.822,1.694,50.047,14.501,8.217,236.365,347.775,158.51,382.41,485.215,375.235,4231.56,4514.83,5216.43,189.61,8134.085,9206.82,714.365,1154.2,439.835,1365.085,240.585,458.28
957,0.24,1.197,0.315,11.224,130.949,23.488,3.229,2.664,262.207,2.207,69.481,11.146,7.444,204.585,294.77,125.23,752.79,380.485,94.83,1512.715,3726.975,5034.18,329.73,6942.87,8568.2,684.71,1135.905,451.195,1496.325,199.155,442.66
91,0.24,1.263,0.319,11.311,140.592,29.943,3.65,3.282,207.229,2.386,79.86,6.799,8.781,399.39,130.99,141.655,720.82,691.14,183.315,2441.82,2573.04,2704.415,217.6,6422.67,4372.475,653.13,629.91,351.6805919,990.7,133.745,239.585
2274,0.24,1.24,0.313,11.873,130.078,25.727,3.77,2.867,237.595,2.116,53.623,10.091,6.361,266.225,346.225,122.58,609.26,630.385,151.935,5299.69,4056.155,4705.12,183.29,7951.685,8582.89,701.165,1014.84,313.675,1152.085,223.6,438.35
7516,0.24,1.424,0.34,10.609,116.068,23.901,11.594,6.802,260.615,0.595,59.845,18.071,6.264,150.845,150.345,163.385,860.665,459.935,199.915,2842.785,5201.03,4729.715,192.4316284,9506.25,8031.615,843.05,1184.805,341.755,1522.89,271.105,432.85
7521,0.241,1.223,0.328,14.594,122.418,20.837,3.062,1.608,241.099,2.459,54.167,14.774,7.395,276,244.53,110.66,743.99,242.82,106.55,3828.07,3903.96,5821.11,43.53,8079.27,7685.22,821.35,1119.07,297.72,1534.71,287.57,437.94
8256,0.243,1.249,0.297,11.15,136.76,24.406,3.887,2.364,281.816,1.887,50.722,2.753,17.14,125.815,232.3471651,218.63,913.965,457.195,310.71,2810.645,4189.145,4899.08,302.58,6903.32,9461.335,804.255,1267.825,463.57,1647.015,335.245,587.08
6921,0.243,1.391,0.314,12.964,128.771,31.15,4.05,3.845,262.88,2.944,96.441,18.668,9.928,157.33,135.905,237.075,636.665,616.485,148.795,4273.705,3995.925,4946.67,280.23,8075.74,9467.415,718.385,1134.87,416.485,1299.06,283.72,435.55
8343,0.243,1.357,0.303,11.843,135.364,26.2,4.104,3.067,235.615,2.212,82.005,18.751,7.51,186.31,197.4,129.975,585.87,272.395,143.8,4843.745,3847.54,5030.435,105.745,7800.675,8273.625,829.24,1180.435,351.195,1332.71,356.975,474.445
7346,0.245,1.327,0.339,11.336,120.754,29.412,2.394,1.796,278.32,1.731,40.964,13.136,11.637,156.08,165.115,175.495,552.42,516.28,160.245,4168.96,4301.855,4529.5,98.03,7555.4,7897.075,719.965,1024.455,304.49,1625.4,303.875,592.25
7523,0.245,1.426,0.343,12.962,130.209,22.539,2.813,2.697,235.847,2.156,56.84,16.363,9.507,222.115,180.215,229.31,917.63,1514.675,219.495,4457.845,4097.045,6269.87,198.145,6899.025,8351.055,607.63,1082.37,474.74,1105.845,313.245,591.81
5122,0.246,1.199,0.35,10.983,146.745,24.664,3.418,2.552,226.761,1.547,41.557,7.499,7.877,409.855,286.495,164.825,923.11,437.315,95.395,3543.125,2259.985,4380.48,486.84,7021.58,7945.515,565.355,905.945,340.59,994.57,234.59,418.985
6985,0.246,1.528,0.378,13.839,106.897,21.597,3.842,2.689,248.997,2.181,59.098,14.738,12.528,229.43,406.835,202.59,841.12,802.015,190.76,2959.915,4654.355,5568.08,218.62,7881.38,8926.67,882.91,1361.76,478.85,1736.505,272.57,477.57
6169,0.247,1.495,0.365,11.101,85.87,29.244,8.515,5.229,280.314,2.447,61.686,21.733,14.03,159.36,621.86,224.21,627.835,455,241.57,3948.005,3884.385,5166.71,303.825,9194.295,7577.705,755.64,1145.995,390.355,1564.795,238.84,423.005
5116,0.247,1.567,0.345,12.79,114.843,28.361,6.912,2.471,184.524,1.178,71.92,16.18,12.515,73.98,334.78,189.47,709.215,323.745,226.94,506.06,5966.99,2506.655,274.37,6090.785,5625.43,953.16,770.995,149.83,1481.385,143.115,283.725
8213,0.249,1.305,0.319,11.265,107.225,22.563,8.52,4.034,274.299,2.601,61.891,17.453,8.347,220.775,106.52,117.84,608.815,751.395,181.885,2479.14,3578.04,5169.375,319.84,6566.44,9063.355,920.42,1349.34,428.92,1686.925,245.025,432.735
7188,0.252,1.451,0.325,12.264,113.245,24.472,9.397,3.532,207.986,0.806,51.801,18.141,10.894,231.28,293.005,166.855,639.29,558.79,152.22,2850.295,2197.555,3737.315,192.4316284,7099.35,5744.26,777.4,1137.03,359.63,1703.96,172.375,283.385
7520,0.252,1.372,0.316,11.282,110.488,24.554,5.127,3.158,231.006,1.835,60.551,17.226,8.964,216.675,317.8,131.365,645.03,534.17,162.47,2185.5,3423.5,4570.12,192.4316284,5088.295,7695.245,666.045,1051,384.955,1444.285,260.75,264.13
242,0.253,1.148,0.301,11.76,125.39,23.168,5.256,2.906,239.788,2.409,57.964,9.667,8.024,236.355,406.965,170.235,821.945,828.17,87.19,2738.02,4054.835,4392.43,245.715,6892.24,8876.055,759.125,1168.865,409.74,1674.13,234.36,437.93
366,0.253,1.096,0.293,11.67,109.607,29.479,2.481,3.713,315.501,1.501,40.616,8.488,12.626,199.02,117.75,217.115,974.09,572.06,144.23,1942.015,4336.34,4632.81,197.39,7729.415,7700.69,764.705,1131.525,366.82,1409.855,257.6,458.555
8692,0.254,1.118,0.304,11.355,137.754,30.447,3.759,2.163,219.992,1.732,44.978,10.571,8.701,165.27,132.105,181.455,620.71,562.16,245.91,2732.115,3772.8,4440.8,192.4316284,6331.265,7609.75,636.595,778.495,141.9,630.125,256.875,433.925
7522,0.254,1.225,0.314,11.545,120.167,22.835,5.787,3.613,266.867,2.79,55.029,9.523,7.294,170.11,164.7,187.075,801.05,1259.765,125.065,4649.965,4612.62,5098.405,235.505,8087.555,9498.76,727.44,1110.475,383.035,1018.945,250.75,443.89
7479,0.255,1.334,0.343,11.886,127.175,24.095,2.693,1.901,231.703,1.877,39.514,18.668,7.275,208.82,246.855,162.395,669.53,497.395,138.58,2352.05,3146.715,5214.295,192.4316284,7176.96,8842.605,650.57,1064.885,414.315,1312.4,247.86,446.695
7514,0.256,1.308,0.303,11.054,133.534,25.452,3.517,3.004,230.223,3,57.975,19.042,7.02,241.4,75.75,209.86,733.27,725.565,501.635,5260.565,4905.16,5319.27,234.14,6211.875,9032.465,854.515,1294.745,440.23,1553.305,319.455,577.135
6988,0.257,1.27,0.313,12.276,106.891,26.465,9.629,3.525,241.141,2.811,74.066,18.145,6.277,269.9,89.89,158.065,809.01,401.585,153.505,1848.31,4211.005,5135.905,233.06,8051.045,9596.31,954.06,1365.17,411.11,1049.42,194.265,328.61
1,0.257,1.058,0.27,10.913,121.145,25.984,2.493,2.087,191.586,1.153,65.365,13.264,6.621,119.465,226.32,138.68,547.65,321.545,197.615,2057.625,2800.5,3405.665,192.4316284,6164.99,5517.77,517.52,725.355,207.835,1168.07,208.695,329.12
6977,0.258,1.398,0.357,12.147,141.547,24.9,2.107,2.171,274.706,1.969,44.501,9.628,8.683,147.89,225.9,194.79,668.475,1284.325,260.385,2833.2,5538.27,5016.18,202.53,6736.875,7364.56,825.965,1289.815,463.85,1401.785,350.56,456.025
6203,0.259,1.39,0.359,12.538,118.291,29.714,4.285,3.935,315.175,1.901,32.644,17.659,14.772,395.185,139.765,184.2,627.165,1051.245,96.755,4981.18,5054.755,5637.8,231.67,5553.74,9887.785,986.25,1280.73,294.48,1410.26,329.46,562.67
6005,0.262,1.248,0.359,15.912,104.431,25.7,2.259,1.034,309.89,2.172,54.362,7.87,11.596,159.28,262.14,230.06,780.33,425.87,162.11,2092.89,4220.84,5040.69,140.78,8039.05,6958.56,685.77,1004.34,318.57,974.85,243.91,477.26
6939,0.262,1.434,0.349,11.487,81.207,25.967,8.006,4.931,300.554,2.205,64.267,20.562,13.679,491.82,241.52,143.91,771.72,491.745,78.75,4893.15,3216.515,5045.76,361.875,8087.515,8816.77,729.505,1186.085,456.58,1423.39,233.905,414.685
1967,0.264,1.313,0.328,11.584,145.211,25.242,5.039,2.194,261.006,2.167,54.983,15.799,9.099,65.965,171.995,187.195,865.11,449.51,206.15,5004.645,5491.4,5040.315,190.38,7400.83,8449.86,584.955,1031.95,446.995,1510.36,273.57,509.65
6897,0.265,1.323,0.333,10.786,126.557,24.896,3.121,1.531,230.135,2.374,58.815,11.942,7.858,246.71,521.345,206.525,693.32,764.7,259.59,3686.94,4165.705,4849.53,121.93,6757.415,8677.48,928.505,1241.525,313.02,1458.55,213.87,406.115
5380,0.266,1.38,0.313,13.07,112.133,26.704,3.794,5.729,206.223,0.509,51.437,11.202,7.274,150.225,166.9,154.325,464.295,460.845,252.21,2495.23,3945.325,4820.15,192.4316284,5477.685,7632.47,624.16,944.125,319.965,1456.21,303.85,607.205
6907,0.267,1.356,0.308,12.634,107.717,26.076,3.664,2.935,255.851,1.177,72.733,18.072,8.13,179.52,754.91,175.13,499.72,461.39,124.105,5020.345,3752.045,4592.595,196.645,5124.42,7627.005,745.665,1076.835,331.17,1618.82,202.655,376.8
6847,0.268,1.322,0.322,12.932,121.588,26.87,3.277,2.968,246.387,1.74,39.767,11.062,11.294,81.45,240.235,172.455,867.68,780.21,100.84,3968.105,4421.21,6134.24,192.4316284,6019.955,8578.27,564.615,1019.675,455.06,1258.105,289.285,542.975
641,0.27,1.371,0.311,11.784,128.077,23.506,5.525,3.252,268.377,2.604,83.541,17.223,8.499,299.585,214.03,201.55,536.24,818.01,171.175,3189.35,3733.84,5663.985,193.82,7152.535,8742.63,817.07,1275.71,458.64,1287.9,246.775,472.08
7283,0.271,1.274,0.314,13.429,122.131,25.632,3.296,2.408,255.277,2.089,52.132,15.04,6.854,157.44,144.88,196.765,823.685,635.775,264.43,4329.565,4936.215,5350.87,151.05,6824.065,8232.035,686.82,1071.74,384.92,1145.085,285.63,425.15
7310,0.273,1.307,0.354,12.537,142.087,26.427,4.436,1.923,172.468,1.481,41.235,10.978,9.999,21.94,80.26,149.425,573.61,174.53,123.175,2701.955,2713.23,3278.625,192.4316284,6104.195,5050.435,542.98,799.195,256.215,1000.185,224.87,291.56
8796,0.273,1.272,0.305,11.488,110.485,27.238,4.423,2.895,236.269,2.225,66.452,13.761,11.29,231.94,414.29,206.275,755.715,501.16,281.135,6119.76,5446.655,5388.175,192.4316284,8603.42,9610.89,706.53,1151.425,444.895,1747.37,287.13,578.33
6916,0.273,1.309,0.313,14.281,111.595,27.793,4.082,3.99,320.26,2.399,52.57,7.902,12.179,646.57,94.99,299.89,1036.35,622.41,158.52,6452.91,5166.64,4769.29,259.59,9433.38,10561.44,1735.61,1514.75,351.6805919,1638.29,267.31,535.49
6924,0.273,1.345,0.341,12.407,114.853,20.039,5.212,3.858,261.446,1.703,56.068,13.557,7.134,200.975,249.29,142.91,584.11,616.605,229.525,1947.5,2889.505,5151.55,187.95,5139.7,8078.465,747.11,1180.41,433.3,1699.93,305.84,426.595
6190,0.273,1.453,0.335,13.239,100.347,23.269,4.814,3.444,255.651,2.464,76.739,14.087,14.723,161.06,314.085,188.015,561.92,828.565,84.005,1509.505,4992.055,5300.18,293.08,7957.845,7672.13,789.01,1101.74,312.73,1509.585,296.005,502.915
7378,0.274,1.334,0.3,12.417,111.543,24.657,7.071,4.737,248.618,1.781,69.79,15.054,10.192,117.035,195.125,210.12,762.385,245.475,114.1,1756.705,4677.795,5490.205,168.155,5772.32,8479.295,703.585,1121.5,417.915,1755.35,203.53,410.445
7394,0.276,1.223,0.327,11.424,110.85,22.739,3.871,1.519,224.856,2.265,35.959,19.707,8.419,169.33,324.76,153.795,641.945,385.63,181.155,3930.42,2467.94,3902.04,102.52,5173.885,7042.17,642.22,936.39,294.17,1026.89,233,405.64
6932,0.278,1.323,0.326,11.381,133.405,27.838,2.794,1.948,206.5,2.039,55.182,17.837,7.765,184.705,146.575,147.175,649.085,570.015,216.085,4655.27,4021.255,5117.46,275.18,6101.035,7791.97,719.63,1144.585,424.955,1505.595,266.995,472.52
5056,0.279,1.388,0.317,12.638,115.971,22.183,5.255,2.578,246.341,1.809,68.58,19.696,9.053,71.02,283.685,151.465,879.975,473.26,167.42,6327.535,5312.135,6041.38,158.3,8169.135,9941.915,895.785,1250.635,354.85,1306.755,295.155,485.265
6899,0.281,1.221,0.314,11.29,113.324,25.8,5.181,2.854,217.435,2.089,58.772,13.198,11.879,332.885,185.3,182.55,598.96,312.4,226.1,4992.355,3261.675,2801.175,224.44,5671.25,5821.175,554.015,900.19,346.175,1355.185,187.3,387.95
6903,0.284,1.431,0.302,14.647,123.449,23.39,5.121,4.688,283.192,2.515,54.839,9.633,11.037,644.99,49.66,235.77,731.06,1123.74,219.97,4757.57,4257.67,4981.1,223.75,9543.01,8842.25,855.1,1440.13,585.03,1656.35,242.02,382.39
6943,0.284,1.232,0.311,11.719,138.143,22.874,4.334,3.291,202.031,1.264,62.162,10.574,6.094,238.885,392.7,174.645,530.065,558.56,185.81,2588.11,3725.795,4379.875,192.4316284,6597.935,7492.63,593.155,921.04,327.885,1454.515,199.87,369.325
357,0.285,1.225,0.323,12.748,159.207,21.492,3.882,2.701,178.895,1.545,43.032,12.413,8.46,166.565,177.035,159.315,626.15,435.105,156.505,2082.415,4882.53,5001.8,222.05,6857.67,4062.41,558.4,831.505,273.105,1174.69,145.05,282.8
7260,0.286,1.562,0.361,11.597,120.418,23.688,12.248,5.398,237.097,1.93,50.121,20.607,7.185,135.53,147.525,126.865,520.095,645.65,144.01,2741.55,3996.345,4673.305,165.13,7574.04,8749.065,808.225,1237.025,428.8,1516.16,246.055,459.325
321,0.287,1.218,0.325,11.655,126.481,25.219,1.821,2.11,288.923,1.659,86.496,13.655,10.322,225.69,232.3471651,186.69,901.8,442.68,143.55,2387.76,4551.05,5169.02,234.59,8285.65,8840.65,892.66,1369.4,476.74,1051.51,294.03,499.42
7392,0.289,1.199,0.301,13.513,124.787,34.63,2.347,4.231,357.476,1.959,79.669,12.788,10.075,308.73,253.85,205.06,837.63,792.08,202.34,4921.07,5117.12,5785.06,192.4316284,9471.6,9237.12,851.55,1186.32,334.77,1877.85,375.2,544.2
379,0.291,1.269,0.294,11.909,132.937,21.589,5.498,3.167,239.783,1.96,73.574,12.448,9.379,193.305,260.05,151.19,791.74,450,96.44,1800.115,3763.765,3716.27,189.3,6904.585,8174.415,614.07,1003.45,389.38,1273.475,224.755,432.485
7411,0.292,1.274,0.348,12.926,125.506,24.17,3.906,3.179,255.64,2.331,57.716,7.209,9.18,269.88,281.725,222.725,783.255,379.005,309.09,2471.62,4090.795,4325.205,234.83,7632.77,7346.33,864.735,1285.37,420.635,1488.71,248.545,460.58
8424,0.293,0.994,0.287,10.514,107.705,23.779,1.997,2.549,238.827,1.986,32.482,11.989,10.827,242.51,296.13,110.95,642.745,778.485,196.605,3632.325,3881.235,4590.89,192.4316284,4488.155,6532.255,736.165,894.01,157.845,1208.87,237.2,401
7391,0.295,1.48,0.343,12.674,127.987,25.758,7.081,1.831,261.655,2.019,79.679,23.912,10.911,174.625,390.41,205.95,671.865,1090.335,188.115,965.67,4879.315,5617.705,145.83,8376.03,9314.435,837.03,1214.33,377.3,1895.765,187.265,355.415
6953,0.296,1.248,0.334,11.5,120.939,22.698,3.378,2.807,271.319,1.267,42.568,11.144,12.745,148.9,94.165,206.2,873.815,1029.65,187.23,1666.715,3464.62,4337.345,88.985,6680.105,6776.405,665.16,859.925,194.765,1339.005,214.795,397.385
7353,0.296,1.319,0.306,11.918,132.456,26.241,3.057,2.163,227.144,2.427,56.197,15.847,8.059,105.625,269.46,194.745,722.945,366.945,118.52,2451.305,4123.985,4603.03,85.17,6291.095,8189.585,793.835,987.225,193.39,1401.705,231.4,475
6709,0.296,1.306,0.323,12.166,119.577,23.263,3.651,2.314,257.104,2.33,63.372,9.039,9.776,226.785,357.5,181.6,420.11,793.375,261.05,2856.335,3349.99,3893.955,273.87,7124.785,6970.565,525.815,827.76,301.945,1376.885,193.02,364.885
8610,0.297,1.349,0.333,11.317,133.147,20.469,6.413,1.188,210.292,1.976,45.741,11.955,9.41,149.71,174.99,122.27,513.03,322.92,95.46,3281.91,3085.95,5153.72,192.4316284,6245.5,7450.57,439.13,893.98,454.85,1476.68,184.17,245.06
6992,0.298,1.168,0.312,13.109,154.966,25.894,2.239,2.358,280.584,2.553,12.598,6.247,11.123,350.2,432.84,196.82,622.22,460.6,322.07,3244.88,3244.54,3874.31,192.4316284,4797.38,7379.04,641.57,905.55,263.98,1188.02,234.82,451.94
7291,0.3,1.515,0.35,12.712,91.172,27.713,9.193,5.867,277.983,2.815,93.435,17.806,10.18,183.79,275.315,300.13,1069.905,832.04,140.79,3104.425,4017.515,4478.79,261.48,6485.615,8911.665,705.865,1129.985,424.12,1700.59,196.96,363.45
5381,0.301,1.471,0.361,12.644,108.796,22.38,7.369,5.956,221.179,1.823,59.527,15.949,9.047,152.91,220.95,142.905,418.7,1384.905,124.83,1630.97,4081.01,4804.585,175.75,5260.005,6966.77,576.86,883.36,306.5,980.305,245.38,423.215
6449,0.301,1.311,0.34,12.084,128.758,25.105,2.377,2.812,279.921,2.263,39.997,11.694,9.652,267.98,437.06,186.895,650.77,480.76,239.95,4297.22,4149.39,5374.79,173.215,9068.96,8489.755,691.25,1182.34,491.09,1355.095,418.93,557.58
7492,0.302,1.22,0.331,10.756,130.547,20.519,3.678,1.971,237.583,2.461,45.587,10.109,8.167,174.225,178.595,115.07,337.495,451.4,152.705,3176.295,3604.795,3487.17,101.88,7442.225,7714.01,586.62,934.35,347.73,1174.56,190.32,364.615
281,0.303,1.198,0.306,13.019,127.891,26.504,3.417,3.378,243.67,2.63,45.69,9.288,11.963,200.38,168.695,227.875,697.195,673.755,264.965,2280.4,4513.615,5070.27,330.31,8680.38,9438.56,755.55,1133.215,377.665,1620.065,259.605,415.99
7205,0.304,1.286,0.335,8.374,118.119,16.367,4.836,3.064,256.158,1.44,60.622,19.152,6.966,162.635,33.115,153.13,599.965,531.085,66.875,2125.505,4490.24,5738.05,213.08,6931.91,6539.16,592.965,913.87,320.905,1206.93,280.59,462.575
7504,0.305,1.327,0.333,9.91,130.447,30.026,4.45,2.99,196.512,1.408,54.627,17.458,11.171,152.255,269.565,149.445,493.825,489.03,197.54,2241.43,3089.61,3447.985,192.4316284,7676.2,5998.11,716.315,973.59,257.275,1295.12,204.9,538.025
8387,0.306,1.494,0.333,13.415,102.383,26.476,9.322,4.124,279.575,3.203,46.384,18.206,12.321,148.68,148.75,224.7,683.205,1739.06,142.15,5595.73,4775.885,5519.375,377.725,8837.79,10179.835,790.48,1282.46,491.98,1575.245,223.745,416.925
7408,0.307,1.173,0.299,11.065,115.279,23.29,2.941,1.251,262.688,1.772,43.094,14.747,10.028,300.675,92.695,187.74,612.685,394.47,189.595,2557.515,4241.435,5372.155,192.4316284,6509.89,7849.955,841.32,1105.115,263.795,1254.635,305.585,512.875
8354,0.307,1.096,0.289,11.399,122.434,22.503,2.165,3.122,228.25,1.124,32.896,13.322,8.159,163.96,79.835,141.065,462.82,507.01,170.82,4378.92,3453.215,3601.88,159.04,8635.015,6938.815,741.74,1299.49,191.555,1479.495,229.72,395.3
8329,0.31,1.421,0.295,12.879,106.93,26.058,4.056,3.37,286.506,2.163,58.711,15.582,10.919,160.345,308.56,149.9,618.66,630.745,271.84,4804.81,6038.57,5968.5,323.22,8299.15,10292.27,601.87,1352.38,750.51,1368.345,245.865,463.575
7515,0.311,1.264,0.325,10.976,135.992,31.684,8.194,4.288,270.036,0.503,43.314,9.917,9.177,128.86,196.97,179.08,851.03,482.3,118.66,2393.11,4178.95,4846.41,192.4316284,6229.04,7771.35,416.58,1169.96,753.38,1516.84,199.3,433.64
7498,0.312,1.289,0.297,11.32,142.055,23.416,5.058,2.928,228.327,2.095,53.233,15.734,6.983,229.28,128.185,148.015,732.465,975.75,326.705,2917.605,4227.285,5086.11,217.8,8628.245,8464.52,817.82,1230.605,412.785,1517.14,153.315,349.025
6905,0.312,1.117,0.296,12.53,134.08,26.267,3.551,2.886,291.764,2.134,56.496,11.04,10.945,195.715,328.065,161.155,562.65,904.585,290.235,1930.68,5212.04,5595.615,325.29,8922.515,9670.55,698.12,1194.145,496.025,1553.37,238.085,464.02
7477,0.313,1.356,0.331,12.03,117.408,25.335,3.47,2.694,198.301,1.511,45.959,9.893,10.065,209.905,310.61,154.085,670.13,887.69,187.69,3343.16,3649.1,3860.33,192.4316284,7355.55,6363.87,595.765,917.36,321.595,1342.565,242.41,369.98
7075,0.317,1.09,0.316,9.108,143.006,19.089,2.237,2.247,177.892,0.791,32.969,7.004,7.196,79.4,116.55,129.055,753.13,350.075,66.495,981.22,2157.81,2650.56,192.4316284,2909.37,3839.725,354.355,544.88,190.525,329.65,150.645,257.24
8296,0.318,1.412,0.323,13.076,115.367,22.196,1.875,3.662,200.542,1.463,54.265,15.59,5.717,306.33,482.54,185.88,748.29,476.01,178.4743827,1505.08,4968.87,5694.39,273.71,9323.62,11114.15,920.85,1423.43,502.58,1941.26,252.02,423.79
5987,0.32,1.279,0.303,13.041,115.818,23.8,5.232,2.042,265.016,1.85,68.706,19.919,10.894,152.585,370.69,229.01,921.93,601.725,166.625,3147.735,5470.295,6028.725,192.4316284,6901.58,8393.905,842.375,1099.705,257.33,1767.275,279.555,436.78
5207,0.32,1.273,0.334,11.959,140.094,31.846,1.949,1.311,240.787,1.43,20.363,6.416,9.549,181.325,279.455,122.555,453.37,596.41,147.08,2123.615,2727.815,4184.85,240.92,7518.23,7964.545,694.86,910.235,215.375,1048.91,274.705,544.125
7165,0.322,1.241,0.341,11.898,121.185,21.418,3.881,2.761,258.967,1.806,34.128,9.943,7.385,94.39,140.59,152.485,757.195,148.185,133.445,1789.03,1745.245,3231.155,125.315,3853.07,4838.07,388.09,570.035,181.945,429.335,127.385,300.18
6243,0.323,1.278,0.326,10.743,127.637,22.034,2.551,2.894,154.859,1.528,43.052,14.149,6.814,151.67,108.62,197.61,699.69,356.705,154.395,2867.705,3098.775,2928.53,192.4316284,7385.635,4903.945,384.775,668.28,283.505,1212.68,210.73,344.88
7141,0.324,1.257,0.31,10.288,116.263,15.675,4.87,3,266.083,2.13,41.153,17.554,8.414,120.395,259.55,104.415,643.885,445.575,141.13,2626.49,2693.405,3331.64,227.07,5874.425,7328.835,539.295,888.955,349.66,1013.405,227.475,348.595
7296,0.324,1.21,0.294,11.963,131.124,24.541,1.835,2.219,237.085,1.862,39.385,9.119,7.599,296.065,322.63,196.345,600.895,766.03,146.84,5717.76,4156.11,4480.075,145.01,6606.495,7383.255,544.66,1058.155,513.495,863.635,234.29,448.655
5245,0.325,1.12,0.306,10.501,153.618,22.992,3.248,2.046,142.827,1.689,55.095,10.097,5.42,133.375,345.98,86.85,532.11,452.125,392.95,1770.565,2675.51,3557.975,103.23,5919.585,4444.07,533.31,690.225,156.915,878.095,187.26,343.17
8236,0.326,1.312,0.321,12.699,108.156,18.132,4.534,2.801,218.653,2.2,65.098,16.811,8.029,164.91,405.455,123.54,543.075,384.7,173.65,4354.6,4685.415,5830.38,190.37,7406.77,8559.98,1078.63,1394.66,316.03,1705.98,352.765,543.995
7255,0.328,1.321,0.326,12.297,118.035,20.219,6.327,4.049,203.889,1.044,32.903,15.142,6.907,100.255,225.105,199.045,726.95,533.51,264.405,3555.715,6465.72,6205.385,192.4316284,9646.78,9954.78,835.48,1310.565,475.085,1519.38,201.855,426.79
6959,0.328,1.22,0.292,12.618,130.556,26.951,4.68,3.953,197.169,1.551,28.09,8.273,9.243,303.915,202.02,165.79,617.08,457.29,145.45,2713.54,4371.21,6257.355,192.4316284,7389.72,9148.02,756.38,1073.585,317.205,1531.255,213.8,394.33
7231,0.33,1.196,0.338,12.675,112.425,28.917,2.443,3.262,309.615,2.791,23.976,11.454,12.416,239.325,225.04,124.83,394.97,588.075,114.93,2542.755,4253.38,3840.655,257.05,6118.32,7513.66,617.755,984.485,366.73,1004.19,176.54,382.37
5628,0.33,1.226,0.326,11.061,125.287,21.002,7.611,2.049,223.715,3,46.925,16.268,6.98,157.88,183.9,135.65,660.3,482.08,240.32,2596.11,3768.21,5251.04,192.4316284,6648.48,7887.37,659.18,981.89,322.71,945.5,268.3,473.99
6008,0.332,1.258,0.299,11.741,121.149,25.526,3.609,3.158,154.709,1.263,56.331,15.094,9.452,199.045,184.555,147.515,566.36,429.285,233.9,3301.75,4706.55,3713.895,192.4316284,8219.865,5112.54,517.045,724.015,206.97,1678.88,155.965,265.82
328,0.332,1.22,0.34,11.011,138.961,20.375,6.401,1.325,257.755,1.782,41.432,15.785,9.469,277.65,178.64,132.52,711.22,499.55,162.04,1620.14,3906.77,4648.73,192.4316284,6408.39,7296.57,536.57,785.93,249.36,948.92,217,458.88
7373,0.333,1.386,0.362,13.119,101.592,23.517,4.371,3.677,261.714,1.532,58.812,23.527,11.517,268.605,184.12,152.8,796.195,508.625,178.4743827,4096.115,4469.25,6322.555,224.14,8442.43,8922.19,780.37,1479.505,699.135,1615.52,226.565,437.51
7092,0.335,1.21,0.326,11.455,117.327,19.873,3.051,1.601,298.131,1.529,35.712,10.626,7.605,193.095,113.06,143.18,739.995,432.465,218.845,3049.505,3543.725,3742.875,192.4316284,6539.18,7410.305,687.85,1040.325,352.475,1177.62,219.39,424.47
7143,0.335,1.539,0.378,11.691,117.472,21.794,9.624,4.123,225.856,1.768,63.999,24.465,9.757,415.39,93.985,214.105,487.005,406.805,278.175,2572.79,4231.475,4413.67,307.955,9325.725,9329.86,823.11,1281.025,457.915,2027.405,189.09,385.695
7508,0.338,1.494,0.327,12.733,114.849,23.867,6.303,3.267,263.971,2.051,78.963,22.002,11.037,269.34,323.115,175.305,699.445,275.21,160.39,3975.78,4460.99,5489.595,225.96,5942.295,8365.07,635.825,985.805,349.98,1495.465,263.135,459.7
5565,0.338,1.385,0.36,11.173,128.232,22.873,6.067,2.684,231.862,2.05,57.687,18.814,6.975,276.82,198.65,165.69,608.39,216.57,325.34,3118.02,5005.87,5257.5,192.4316284,6688.66,7807.27,670.7,974.64,303.94,1427.18,248.99,340.15
6982,0.34,1.509,0.351,11.934,120.213,24.411,7.455,4.32,235.825,2.532,54.328,20.856,9.569,217.845,179.12,195.14,701.92,1318.905,82.75,3285.815,3811.675,4102.005,298.01,8224.775,7894.225,959.295,1115.955,156.66,1740.24,201.485,410.47
7270,0.341,1.169,0.292,9.795,140.215,14.793,2.382,1.813,206.298,1.928,28.187,15.516,8.794,213.69,301,152.15,682.77,512.66,158.04,1589.25,3724.25,3257.65,173.87,7915.27,6988.73,681.39,1052.13,370.74,1419.87,209.77,313.2
4802,0.341,1.245,0.323,11.867,135.307,23.566,4.674,3.011,228.644,1.967,53.208,12.566,7.755,104.77,130.425,113.855,448.765,354.62,85.455,3271.72,3267.615,5371.335,124.815,7345.905,7489.775,617.525,937.875,320.35,1228.515,215.765,402.925
383,0.343,1.305,0.326,12.513,125.336,22.493,3.368,3.35,232.045,1.484,61.307,14.291,12.674,214.26,384.58,135.99,860.87,314.06,52.8,3266.867569,3998.26,3900.29,94.19,7049.17,8129.43,700.9,1049.1,348.2,1058.1,222.44,385.42
6979,0.343,1.237,0.342,10.957,120.772,22.137,4.326,4.202,221.731,1.479,30.794,14.189,6.726,167.1,130.8,161.925,918.915,832.685,90.83,4467.66,3071.46,4483.53,192.4316284,5253.31,5243.005,513.025,668.815,155.79,1315.365,249.275,389.155
7382,0.344,1.193,0.306,12.673,116.788,23.773,1.493,1.866,348.863,1.577,72.372,12.397,10.121,89.68,232.3471651,195.21,808.31,331.89,398.36,6388.87,4272.58,5612.62,17.51,6259.68,7893.89,660.9,1006.68,345.78,1052.43,305.52,476.73
7507,0.345,1.242,0.317,10.554,130.042,21.217,3.16,2.435,256.594,2.559,53.438,14.381,9.668,216.64,244.405,90.455,341.82,432.36,95.02,2833.75,4257.915,5364.83,162.43,6762.32,7788.665,593.72,875.43,281.71,1529.26,213.33,400.455
7277,0.348,1.211,0.285,12.357,116.159,20.71,3.21,1.568,207.044,1.222,45.112,17.415,5.55,249.19,184.31,182.99,653.94,516.1,161.07,2913.43,3073.92,4804.09,192.4316284,7825.33,8744.62,727.84,1142.12,414.28,1256.49,305.64,442.72
7372,0.348,1.279,0.326,13.542,120.703,23.426,5.461,1.592,204.082,1.909,47.215,10.99,6.903,157.11,416.07,101.15,686.26,259.8,62.39,2165.43,4632.36,5259.55,192.4316284,8434.58,7411.68,689.46,1132.34,442.88,1401.31,301.23,465.09
126,0.35,1.347,0.312,12.277,108.285,19.336,7.029,4.274,282.033,2.682,89.573,14.192,14.299,287.085,123.35,157.79,613.91,547.715,96.33,2126.29,4492.78,5668.52,254.71,7164.43,8278.075,659.795,1019.93,360.135,1658.535,195.84,378.61
7164,0.352,1.182,0.305,10.152,126.784,29.876,7.268,3.646,221.609,1.746,114.688,18.137,9.925,162.195,201.565,234.24,739.125,845.35,69.485,2922.02,3988.795,4843.53,147.73,8074.805,8690.62,642.485,1004.94,362.455,1446.625,188.32,344.84
7178,0.352,1.385,0.349,11.433,98.228,19.274,3.273,2.642,281.952,1.307,40.607,18.953,14.336,220.315,149.595,159.295,583.93,2802.855,143.515,743.065,4188.98,4482.765,181.04,6830.83,7631.115,690.755,1093.195,402.44,1387.38,285.01,478.565
2057,0.353,1.302,0.324,11.209,138.86,28.485,3.225,3.957,272.199,1.659,57.705,12.672,10.876,219.28,311.985,201.895,897.28,651.1,111.89,4024.77,4743.175,4429.84,192.4316284,7382.85,9213.92,677.835,1324.425,646.59,1345.555,272.83,458.105
6998,0.355,1.308,0.373,10.791,145.802,20.495,3.331,2.54,227.179,0.901,26.309,12.458,6.82,284.625,151.09,122.175,427.63,1330.465,201.77,4176.795,2916.55,3709.505,141.94,7339.525,5682.54,710.815,952.97,242.155,983.815,292.63,452.91
7126,0.355,1.432,0.341,12.115,126.664,28.235,7.341,6.314,250.964,2.881,49.302,10.096,11.81,170.525,114.505,180.245,642.305,447.45,322.295,2030.88,4157.89,4927.52,167.86,5125.74,5987.97,573.485,909.755,336.27,903.845,181.82,329.82
2150,0.355,1.216,0.293,11.731,120.524,27.518,4.643,3.705,257.999,1.677,67.858,19.997,8.531,94.235,86.39,160.31,855.63,490.755,90.125,4478.72,4852.505,7132.47,192.4316284,8269.375,8063.425,726.81,1024.795,297.985,1795.91,248.53,449.33
7379,0.357,1.382,0.342,12.521,133.721,20.459,2.222,1.885,222.481,2.448,51.138,9.991,7.923,174.15,137.375,135.615,505.42,395.835,119.96,3877.975,2942.58,4232.675,153.58,6421.335,7916.54,486.38,735.345,248.965,1268.64,216.015,387.275
8374,0.357,1.203,0.309,12.87,115.725,24.138,4.588,3.715,279.589,1.802,47.491,14.836,12.387,182.555,220.98,189.375,940.015,687.68,139.745,3836.33,5160.675,5208.39,177.16,6804.015,7581.14,833.08,1172.12,339.04,1376.11,310.54,437.275
6942,0.358,1.234,0.316,11.996,123.576,17.988,2.409,3.612,206.659,0.973,45.431,17.652,5.952,186.91,450.07,196.905,684.105,347.185,250.595,2173.57,4691.03,5594.535,112.15,7464.855,8474.955,717.8,965.94,248.14,1268.365,175.105,391.995
7263,0.359,1.349,0.349,10.656,113.866,25.353,4.936,2.857,238.181,1.134,62.366,14.575,11.471,99.43,89.48,188.785,562.23,684.15,276.93,4408.465,4237.535,5213.87,216.55,6834.135,8948.34,737.675,1016.65,278.975,1679.86,175.56,333.73
7069,0.36,1.204,0.334,11.594,153.321,21.391,2.482,3.063,252.999,2.104,28.603,6.379,7.948,160.57,59.04,237.12,900.06,393.74,95.65,5497.37,2470.26,4436.64,137.16,6872.31,8049.64,639.78,988.03,348.25,1203.29,287.67,503.76
7252,0.361,1.298,0.312,11.202,140.048,28.783,4.6,2.364,243.841,1.518,50.48,11.898,10.022,173.2,308.385,139.275,507.135,377.845,244.565,707.795,2750.29,2808.485,153.33,7201.365,7238.435,635.045,796.985,161.94,1053.23,135.03,290.495
374,0.361,1.257,0.303,11.251,121.887,22.488,3.421,3.197,244,2.03,52.167,18.353,8.433,104.48,116.91,213.94,948.35,643.65,76.52,2174.6,4159.42,5396.3,192.4316284,6973.86,8945.59,572.84,1139.88,567.04,1404.37,256.54,502.45
5264,0.363,1.272,0.323,10.749,144.077,24.717,4.636,2.909,211.184,1.364,30.293,10.725,9.605,209.78,408.49,174.71,599.91,746.595,231.995,1981.795,4205.355,5776.885,120.575,7367.42,8984.69,855.57,956.915,101.345,1260.51,246.04,443.53
7482,0.365,1.216,0.315,12.485,129.979,24.091,2.545,2.851,224.826,2.665,49.744,8.636,10.657,161.775,143.595,206.845,531.095,353.625,111.21,1596.465,3807.63,4678.68,266.28,4124.725,8115.66,616.175,955.59,339.415,1225.72,245.33,396.36
6926,0.366,1.211,0.322,11.124,126.893,23.48,4.315,2.233,266.401,2.03,39.032,13.654,8.207,165.49,62.87,158.425,651.845,784.5,206.755,2943.565,3843.455,3589.63,160.52,6637.685,7156.665,497.925,784.71,286.785,1324.875,243.195,400.64
7147,0.368,1.242,0.328,9.98,140.961,19.811,4.059,3.037,206.328,1.208,11.078,18.345,8.951,277.665,402.29,150.02,488.325,521.185,229.485,4946.14,3929.55,3380.265,200.87,7524.305,8142.735,616.465,927.18,310.715,1496.225,210.22,395.54
282,0.368,1.261,0.329,11.103,117.003,23.637,6.427,3.663,244.021,1.331,57.724,16.981,9.344,178.215,176.23,220.8,811.08,708.7,158.105,4040.135,4374.09,6815.7,192.4316284,7104.465,9478.04,662.6,1131.63,469.03,1276.12,249.47,432.085
7035,0.369,1.537,0.352,11.949,151.328,22.543,6.3,3.595,218.152,2.286,60.021,16.563,8.299,149.57,161.79,96.43,513.22,183.04,77.2,4132.37,5246.46,4591.88,129.22,6921.35,6880,695.3,1069.86,374.56,1487.49,286.14,422.36
7158,0.37,1.513,0.375,10.505,123.531,25.071,5.508,2.702,175.461,2.289,62.862,17.854,8.646,263.065,145.74,140.27,441.255,381.93,163.78,2514.755,3441.65,4240.775,192.4316284,5716.27,5413.425,602.46,867.69,265.23,1056.385,202.37,402.135
7405,0.37,1.119,0.27,12.097,111.792,25.851,4.885,2.659,277.383,1.37,63.302,13.936,8.355,177.635,186.85,144.755,693.75,442.845,257.375,3270.87,5029.955,4389.715,220.51,9034.52,9373.545,748.065,1145.12,397.055,1444.78,246.805,404.245
7151,0.372,1.079,0.298,9.843,131.368,18.049,2.302,1.343,173.35,1.831,32.144,10.185,5.662,144.75,159.06,135.75,679.7986801,502.68,311.36,4391.82,5081.97,4873.7,192.4316284,5623.04,7910.98,597.99,945.95,347.96,962.82,260.79,492.87
7071,0.374,1.406,0.361,10.768,117.145,24.298,4.589,4.351,218.147,0.971,34.544,12.757,12.106,224.315,355.64,161.545,477.485,374.68,116.555,2193,3084.135,3245.32,102.2,6752.45,6097.8,481.855,810.265,328.41,1313.865,162.07,316.97
7331,0.375,1.112,0.291,10.038,132.661,20.176,3.477,2.09,186.669,1.842,38.672,14.492,7.588,140.335,147.7,139.385,637.79,426.915,213.68,2625.375,4216.37,5661.365,203.52,5957.13,7631.59,520.75,947.345,426.595,1091.21,245.57,402.625
8310,0.376,1.013,0.274,9.877,124.475,19.042,2.908,2.255,196.166,1.822,53.399,19.123,7.47,119.85,202.26,155.765,675.07,565.185,213.83,4079.465,4123.03,4917.53,192.4316284,7090.555,7633.565,822.245,916.48,94.235,1550.57,257.26,445.405
7483,0.382,1.192,0.292,9.342,134.32,22.072,3.125,1.915,151.879,0.808,44.313,12.398,5.493,166.48,153.835,123.65,250.93,370.555,234.165,2342.59,2407.85,2912.92,192.4316284,4990.855,4095.22,653.71,906.18,126.235,758.26,159.155,361.935
7123,0.385,1.323,0.335,10.425,152.535,22.536,4.623,2.168,207.474,1.778,44.478,14.335,7.486,157.435,225.48,127.78,435.02,333.19,79.18,5107.55,2339.89,4527.125,159.155,7416.22,7975.48,611.635,923.97,312.335,1425.16,239.13,491.97
362,0.386,1.266,0.307,11.697,127.28,25.067,2.492,3.064,215.067,1.447,28.879,16.086,8.159,184.055,232.42,185.81,882.205,389.895,218.72,2367.905,5232.485,4922.725,235.51,6373.64,9331.705,757.875,1046.525,288.65,1340.445,220.425,410.82
6810,0.389,1.14,0.309,10.44,102.818,23.117,4.868,2.368,209.252,2.249,36.448,16.499,9.533,230.115,335.41,124.99,669.275,516.41,110.645,3533.255,3589.765,4686.195,192.4316284,7539.235,8637.94,598.225,968.92,370.695,1063.685,211.71,382.375
7166,0.395,1.428,0.354,10.975,105.515,20.47,8.884,5.889,226.813,2.599,104.091,24.508,10.713,283.225,69.8,202.975,796.11,893.42,189.37,1918.49,4928.74,4606.195,272.125,8407.1,8991.48,615.035,1011.44,396.405,1770.49,220.01,415.115
7397,0.395,1.356,0.335,12.436,128.375,22.861,3.315,2.364,246.762,2.269,51.557,17.523,8.419,139.465,119.005,228.025,837.97,331.225,198.665,2725.85,4918.955,4555.15,189.89,7972.86,9380.785,753.23,1159.18,405.95,1526.595,205.615,318.335
8326,0.398,1.343,0.338,11.175,112.877,22.56,4.695,3.127,240.204,1.602,66.492,20.536,10.879,156.37,7.64,135.84,480.6,619.48,145.77,4670.945,4643.19,6207.355,189.27,5538.65,8518.925,618.095,1017.145,399.05,1565.205,310.42,507.74
7244,0.4,1.296,0.347,10.593,120.782,23.264,3.415,4.732,230.094,1.566,53.301,15.392,9.211,203.995,131.005,167.985,509.045,882.52,197.275,3048.75,2579.595,4164.46,192.4316284,8179.255,7364.74,631.59,904.45,272.86,1292.765,229.88,339.865
7100,0.402,1.153,0.308,10.902,136.211,21.447,2.616,1.65,223.91,1.766,14.115,9.773,6.031,120.39,457.58,166.17,772.98,363.9,299.78,4536.19,4632.36,4370.24,192.4316284,5574.59,7458.39,599.29,921.29,322,984.35,220.47,413.03
380,0.402,1.312,0.314,12.097,133.199,24.578,6.507,2.599,225.12,2.405,74.875,20.84,9.184,202.45,183.11,155.305,652.945,447.81,133.785,3798.04,4371.25,5438.775,187.98,7777.57,8485.645,648.17,1116.315,468.145,1580.18,229.13,411.635
7344,0.408,1.084,0.294,10.116,130.091,20.1,3.661,2.563,159.119,0.886,41.847,14.12,9.329,220.67,154.665,126.43,546.99,393.78,170.115,2424.625,2175.1,3076.6,192.4316284,5503.47,4993.35,432.98,680.06,247.08,1402.27,147.615,250.395
6967,0.408,1.238,0.316,11.928,143.657,24.848,2.594,2.045,233.422,1.592,36.323,8.961,8.297,270.9,187.605,84.405,641.575,743.75,120.36,4391.46,3363.98,4887.61,192.4316284,7641.94,8715.11,876.82,1096.145,219.325,1031.955,241.785,416.955
2290,0.409,1.234,0.295,10.748,145.783,22.799,2.345,2.344,189.296,1.423,38.599,12.163,6.665,252.99,266.785,152.305,599.195,598.21,134.945,2526.495,5336,3954.19,192.4316284,6500.62,5678.54,544.3,777.28,232.98,1379.125,201.64,355.33
8325,0.41,1.227,0.292,10.971,120.332,21.696,2.26,1.666,153.158,1.433,35.604,20.153,6.181,163.99,178.23,90.435,385.965,422.645,126.085,2878.9,2478.05,3476.94,192.4316284,5909.31,5766.57,562.345,897.845,335.5,1419.905,221.26,370.47
7102,0.411,1.429,0.341,11.395,124.841,28.947,3.264,2.63,206.231,2.048,40.209,10.533,12.986,184.655,165.315,215.705,834.275,527.675,68.875,1989.815,2319.125,2624.98,192.4316284,5894.53,5024.935,436.955,675.725,238.77,1246.84,176.455,268.22
8420,0.412,1.352,0.346,11.746,105.791,24.189,8.958,2.379,227.999,2.258,55.186,22.335,11.26,97.665,189.19,177.85,595.24,213.55,149.085,2220.975,3790.64,4522.225,245.85,6148.405,7854.605,748.695,1098.195,349.5,1590.715,218.52,396.25
7078,0.413,1.404,0.346,11.415,143.912,25.979,4.05,2.579,215.862,1.98,56.237,13.254,8.156,133.87,182.57,196.19,850.6,411.625,132.805,3123.49,3748.475,4625.405,113.96,6591.735,6765.07,715,1117.255,402.255,1183.45,196.06,430.785
7169,0.417,1.326,0.349,10.664,127.071,20.186,4.234,2.361,214.217,2.059,45.708,13.799,11.174,154.27,175.775,95.725,444.46,600.545,120.62,3167.36,2743.27,3093.13,151.77,6392.475,4840.11,443.9,652.19,208.29,1148.255,187.45,311.89
5232,0.417,1.15,0.311,10.922,123.17,17.808,1.991,2.204,134.903,1.813,36.981,16.893,9.826,127.43,254.21,114.55,421.15,828.88,187.65,6050.79,3840.1,4466.8,206.58,5743.99,8958.58,840.15,1248.81,408.66,1302.41,256.97,520.13
6730,0.419,1.335,0.348,11.309,128.769,21.291,6.551,3.938,246.82,1.614,51.034,16.228,8.774,144.635,236.975,197,667.805,375.155,156.975,2191.735,3991.41,4632.67,248.58,4908.96,7714.215,596.16,989.01,392.85,1250.46,231.655,393.485
7199,0.422,1.293,0.356,10.044,134.345,16.829,3.22,1.931,203.756,1.494,22.061,18.373,6.091,49.135,92.275,112.56,349.935,245.535,83.97,5929.59,2238.54,4708.27,63.83,5152.335,5552.87,457.625,679.295,221.67,1230.325,186.56,253.255
7135,0.423,1.334,0.35,11.429,123.054,20.844,4.356,2.541,200.015,1.507,12.554,18.296,7.735,166.95,178.29,83.1,526.06,347.43,100.69,3227.55,4092.8,4034.365,239.58,5837.38,7673.165,646.025,992.025,346,1410.73,227.13,436.475
6976,0.425,1.426,0.345,9.637,124.081,25.226,7.837,2.673,246.556,2.43,41.887,16.294,10.327,97.695,161.215,99.76,494.05,527.55,107.255,3523.035,3584.955,4305.535,177.88,7035.46,7012.28,721.78,1033.985,312.205,1557.005,253.62,390.475
7430,0.426,1.501,0.37,11.679,108.799,23.491,8.832,2.629,248.216,1.137,43.115,23.724,9.073,358.15,505.1,112.775,492.53,333.165,77.25,5454.615,4009.77,4447.535,291.48,6780.875,7133.44,667.96,1133.61,465.65,1480.935,173.955,410.76
6962,0.426,1.144,0.29,8.429,148.353,20.535,3.819,2.972,139.267,0.596,30.997,14.211,5.514,115.87,134.96,80,299.64,328.24,108.73,870.59,3955.429877,3376.36,192.4316284,2894.18,1736.98,162.86,157.71,351.6805919,780.17,86.89,193.9
7062,0.427,1.298,0.348,8.692,154.804,18.62,2.683,1.371,204.692,1.518,22.069,8.627,4.661,38.85,65.39,78.495,377.455,388.395,141.54,1197.225,2834.06,3677.53,124.45,4585.485,5158.27,448.975,644.885,195.91,998.48,166.09,319.22
7128,0.43,1.258,0.345,10.314,125.686,25.172,4.794,1.96,233.248,1.945,37.035,15.525,10.66,172.56,85.135,160.245,629.495,964.975,177.62,2786.75,3946.295,4429.77,192.4316284,6248.35,7672.165,792.65,1159.57,366.92,1164.87,264.37,508.015
7460,0.434,1.387,0.362,8.852,125.229,20.039,5.3,1.911,237.346,1.175,33.944,15.003,9.161,74.66,5.2,161.58,595.48,443.28,241.465,2536.84,4752.325,4851.065,137.42,5643.005,6983.955,641.515,985.355,343.84,1055.955,192.685,391.545
7186,0.437,1.394,0.363,10.65,136.243,23.539,3.795,2.216,189.637,1.48,34.322,16.006,8.422,149.585,77.595,119.47,473.37,316.045,27.42,2481.005,3293.635,4065.585,149.41,5223.575,5433.825,644.585,965.67,321.085,1282.93,301.13,549.51
6994,0.438,1.193,0.291,9.047,123.767,22.793,2.879,3.914,282.217,1.743,33.893,13.55,8.258,82.945,152.355,169.915,847.29,607.07,327.195,1575.54,4141.96,3594.465,192.4316284,5466.19,6666.805,557.97,921.92,363.95,1116.05,162.47,334.4
6961,0.439,1.142,0.324,10.984,138.465,22.944,3.045,1.58,217.425,1.797,53.556,11.193,10.701,151.425,194.625,126.13,881.815,497.12,103.285,2833.9,2810.4,3445.515,90.305,6872.03,5517.565,597.51,739.4,141.89,1029.14,184.595,352.69
6937,0.441,1.22,0.317,10.414,133.394,28.751,5.97,2.284,186.384,1.501,62.29,16.559,9.228,139.025,338.59,149.285,679.69,445.54,211.645,1329.51,2113.32,2941.645,229.11,6677.345,4542.45,425.165,602.67,177.505,1107.29,160.76,263.775
7424,0.445,1.33,0.353,10.862,120.701,20.437,2.843,2.664,266,1.311,40.414,15.431,9.33,148.005,53.82,163.99,646.575,403.325,186.47,3696.475,3838.45,4626.13,138.755,5844.77,7112.015,415.515,1089.59,674.075,1172.1,226.455,388.565
7094,0.448,1.397,0.347,12.164,132.893,23.969,3.423,3.496,251.138,1.605,41.364,11.81,10.011,214.85,125.305,114.1,612.3,550.495,92.5,1603.29,2722,4925.17,123.52,6070.04,6587.85,521.8,821.065,299.265,1072.73,221.83,406.95
7201,0.448,1.199,0.337,10.4,121.745,22.675,4.44,1.837,257.798,1.377,30.32,21.838,10.959,167.595,196.975,90.145,548.575,578.13,218.985,2612.62,3728.43,3924.11,181.36,6429.54,6627.5,503.275,853.045,349.77,1257.2,214.32,366.18
6951,0.448,1.39,0.368,12.299,117.744,22.519,4.672,2.189,265.225,2.333,41.817,13.645,11.294,162.375,128.755,208.575,465.725,427.11,157.875,2876.04,3913.245,4890.875,209.005,7144.75,7924.355,625.21,981.085,355.875,1544.945,203.715,428.275
7258,0.452,1.285,0.33,10.819,128.186,17.11,4.429,2.652,191.312,1.031,29.108,17.608,4.833,139.255,175.79,210.505,920.21,401.045,293.885,3475.81,3670.955,4537.425,190.96,6977.09,7179.755,596.965,887.415,290.45,1203.27,186.555,296.82
7446,0.456,1.198,0.347,11.851,117.926,18.238,2.626,2.385,255.645,1.287,41.406,18.865,7.959,67.25,232.3471651,68.66,514.42,86.95,306.66,2616.36,3725.32,4606.74,146.51,5655.3,6522.57,592.29,878.92,286.63,1196.92,261.57,445.42
7275,0.461,1.226,0.329,9.55,139.075,20.491,4.392,1.68,135.555,1.275,35.153,15.012,5.732,85.055,162.835,103.285,625.4,468,290.62,1798.095,4017.09,3065.305,192.4316284,4865.805,3714.55,303.86,477.01,173.15,864.29,127.345,229.76
7080,0.462,1.188,0.32,10.256,115.646,22.985,3.937,3.068,302.913,2.607,63.25,10.035,14.373,217.09,781.15,169.6841846,511.38,866.88,183.72,4736.17,3265.9,3969.95,205.36,7760.15,7492.1,674.35,1087.19,412.84,724.38,226.03,452.81
7307,0.466,1.2,0.319,9.949,139.732,21.235,2.771,2.727,235.945,1.688,44.549,10.113,10.541,179.695,133.45,126.79,679.575,380.94,163.27,2891.945,3871.695,4220.875,182.53,6175.535,6344.475,613.355,919.65,306.295,1381.285,216.53,388.77
6973,0.466,1.361,0.337,11.491,109.701,19.436,7.969,3.103,207.366,1.926,53.831,20.011,8.955,158.845,197.21,163.54,737.03,313.42,108.905,6766.14,4373.24,4693.675,199.705,7609.83,8867.7,713.465,997.365,283.9,1352.25,213.94,440.855
6990,0.467,1.181,0.362,10.527,114.173,19.09,4,1.627,258.762,1.349,41.367,9.91,9.143,117.49,83.7,107.17,539.98,334.56,168.48,1695.48,3649.18,3605.15,192.4316284,4162.81,7021.85,648.3,830.23,181.93,972.41,213.67,327.31
8389,0.471,1.302,0.34,12.898,124.811,30.347,4.152,3.968,281.381,2.083,43.397,11.675,15.651,200.99,232.575,238.735,779.98,1030.685,203.97,3190.175,4346.625,4838.55,192.4316284,7331,9220.68,908.05,1276.76,368.71,1437.96,232.165,465.745
6936,0.473,1.3,0.332,10.291,128.08,27.651,3.587,1.737,254.421,1.741,58.565,18.827,9.602,117.605,595.8,151.34,748.07,411.125,179.91,1772.57,3361.93,4165.41,143.05,6140.455,6821.865,557.665,846.945,289.28,860.335,177.26,341.605
7150,0.478,1.298,0.337,9.945,101.413,19.325,10.126,3.407,236.661,1.99,56.464,24.616,8.802,325.035,139.985,146.235,701.45,494.115,55.09,3844.135,2965.015,4500.965,192.4316284,7339.495,7396.58,636.785,967.34,330.555,1244.53,181.19,301.96
8412,0.48,1.208,0.326,10.825,125.186,22.883,2.313,1.878,255.389,1.692,45.717,14.982,9.106,140.89,218.26,92.49,429.545,371.955,30.065,1958.55,2324.245,4170.57,192.4316284,5824.345,6346.595,506.125,789.22,283.095,840.22,195.775,381.21
7110,0.486,1.31,0.339,10.722,144.028,23.066,2.821,2.513,213.209,2.352,32.038,13.745,7.036,184.255,98.485,133.6,432.69,384.075,143.565,3276.63,2658.195,4017.615,126.43,7356.125,6510.685,559.145,874.06,314.915,1034.325,170.695,281.175
7206,0.489,1.463,0.363,12.198,123.15,22.008,5.971,3.463,235.315,1.936,35.556,12.078,9.6,232.83,177.23,110.9,419.285,381.995,146.375,3120.28,4104.915,5497.395,192.4316284,5649.615,7822.865,721.09,1071.385,350.295,1317.96,174.445,338.605
7449,0.49,1.257,0.323,9.314,114.862,22.143,6.652,3.431,221.74,1.684,27.971,21.774,9.868,115.845,349.915,154.475,488.545,319.855,94.95,4120.72,2868.97,3983.995,174,6589.55,5523.885,514.96,829.805,314.845,1089.375,201.87,323.38
6744,0.491,1.236,0.337,9.111,106.212,19.064,7.998,5.095,207.147,1.373,48.677,19.826,8.761,180.62,289.09,213.15,567.98,524.95,149.6,2470.76,1923.655,3385.455,192.4316284,5069.02,5281.665,478.45,817.105,338.655,1305.975,194.855,304.54
7340,0.492,1.053,0.339,8.189,142.2,20.196,3.255,3.58,179.525,1.451,45.114,8.944,6.867,193.375,199.7,101.335,364.195,425.39,153.75,2491.86,1933.34,2887.205,192.4316284,4640.82,3569.015,326.65,467.77,141.12,1222.435,130.455,189.365
7333,0.495,1.358,0.326,10.597,114.096,21.972,6.307,3.231,218.837,1.416,47.66,23.588,5.247,185.825,148.82,182.465,559.47,583.745,134.68,4512.25,3612.855,4904.96,192.4316284,7750.53,7811.77,587.685,973.265,385.58,1504.51,176.05,355.05
6946,0.495,1.238,0.31,12.874,126.819,26.583,2.143,2.287,247.847,1.047,42.763,8.893,13.499,183.465,155.16,128.19,528.145,390.575,105.755,6243.155,3575.67,3483.975,176.605,6628.1,6211.085,598.83,819.45,220.62,1232.375,238.33,439.03
7105,0.499,1.541,0.386,9.702,130.059,20.387,3.933,2.749,285.305,1.493,47.531,15.155,9.527,82.54,131.91,165.43,692.01,649.57,311.49,1120.66,3880.64,4242.47,139.63,9052.25,7303.96,676.64,986.28,309.64,1295.67,272.41,459.47
6042,0.501,1.195,0.308,10.623,143.267,21.312,2.984,2.191,214.397,2.447,28.87,13.05,6.864,163.795,94.86,107.72,480.355,419.39,135.835,3689.72,2986.32,4469.73,192.4316284,6709.95,8081.96,560.385,1071.665,511.28,1515.845,206.57,340.585
7000,0.503,1.281,0.358,9.869,150.599,24.897,3.788,3.955,189.2,1.603,34.066,12.606,7.056,219.83,304.275,81.055,355.02,420.715,156.68,2104.95,2130.705,3327.56,111.87,7149.44,4998.745,579.98,652,72.02,998.075,174.98,297.35
7343,0.507,1.286,0.305,11.169,119.373,22.126,3.226,3.411,245.074,3.175,87.073,20.988,12.324,248.2,86.89,104.97,579.81,724.86,152.49,5119.29,6050.63,5211.08,192.4316284,7590.52,8126.26,837.67,1303.6,465.93,1583.51,346.65,615.41
6996,0.508,1.229,0.321,9.93,119.846,23.955,5.879,4.366,227.254,0.886,31.511,20.023,9.467,363.635,317.95,183.725,771.315,960.74,215.075,3096.58,3605.115,4543.465,221.6,7862.805,8177.86,610.935,883.49,272.555,1108.89,196.64,392.495
7163,0.509,1.408,0.344,11.012,132.776,20.701,6.693,2.947,227.457,1.922,29.399,16.271,6.515,88.085,396.84,85.53,590.38,625.075,103.9,2725,2360.275,3801.645,95.68,5982.975,7072.3,667.17,963.43,296.26,1058.46,207.34,339.68
7229,0.509,1.239,0.337,11.047,117.112,21.6,6.138,2.675,219.832,2.509,39.141,14.451,6.911,342.205,186.63,111.67,570.075,522.745,169.165,2065.945,3328.675,3910.735,144.98,5292.835,6649.71,488.81,827.845,339.035,1232.545,173.45,269.33
7280,0.525,1.273,0.346,7.688,134.414,17.787,4.38,2.723,184.014,1.4,26.488,16.257,6.809,99.31,73.52,74.4,332.27,125.99,357.41,3214.87,2669.34,3329.03,192.4316284,3898.87,4861.53,442.49,529.47,86.98,920.91,141.13,215.76
8304,0.527,1.27,0.301,11.475,115.541,23.605,6.947,4.769,156.753,0.41,55.857,14.336,9.543,209.475,184.61,253.07,769.3,203.815,48.885,1227.72,2654.995,3468.575,192.4316284,6882.325,5690.02,557.69,785.885,228.195,1563.145,143.75,264.72
7139,0.53,1.284,0.325,9.375,120.043,17.875,4.331,2.251,226.89,1.823,33.523,19.462,8.275,90.93,70.73,159.3,610.94,405.365,157.66,1686.51,2868.62,4380.31,169.245,6559.04,7881.955,602.76,927.445,324.685,1242.92,220.4,424.24
7525,0.531,1.245,0.325,10.185,120.462,21.5,4.772,2.799,236.783,1.484,60.254,19.989,8.725,118.055,382.405,180.315,622.285,1011.59,178.3,1168.605,3823.365,5611.235,237.175,6165.765,7385.765,612.65,957.385,344.735,1267.18,192.235,372.095
7282,0.532,1.039,0.3,9.804,128.205,16.843,3.203,2.865,145.749,1.141,34.714,12.575,5.105,90.985,15.05,111.725,740.83,354.16,93.51,2141.39,2357.595,3661.72,187.76,4634.38,3834.56,320.165,462.175,142.01,699.615,115.085,161.4
6729,0.537,1.139,0.32,8.746,125.834,14.747,3.839,2.169,170.716,1.785,19.804,13.918,7.498,126.12,333.255,83.48,512.77,298.945,102.21,1262.69,3820.38,2608.53,120.28,3722.865,4570.14,452.795,644.96,192.165,682.41,175.265,223.045
7008,0.538,1.154,0.333,9.142,140.676,22.731,2.966,2.648,183.714,1.192,35.815,11.125,6.703,140.725,74.585,145.54,648.61,453.96,144.345,4228.025,2016.475,2964.17,4.61,4993.43,3778.08,399.93,519.295,119.365,891.535,113.37,181.885
7145,0.548,1.136,0.315,10.369,127.021,17.82,4.167,1.792,194.436,1.625,30.36,18.315,7.256,270.74,273.87,141.425,909.235,556.25,104.315,3565.125,3937.835,4601.02,135.2,5430.59,5704.205,627.64,811.025,183.385,1159.345,244.425,450.415
7064,0.549,1.16,0.348,9.59,128.654,16.436,3.503,2.201,212.132,1.549,41.638,13.499,5.937,297.97,12.15,54.57,718.92,273.7,62.23,1647,3123.62,3706.13,133.11,5454.81,5676.41,494.31,709.76,215.45,1076.95,174.57,268.54
7031,0.558,1.269,0.328,12.701,138.161,20.798,3.755,2.975,212.619,1.923,25.395,9.115,7.358,161.28,192.26,103.76,422.78,509.31,113.645,1335.48,2477.95,3647.025,115.35,4454.24,6220.19,542.565,729.61,187.045,1048.695,158.39,390.745
6727,0.56,1.367,0.363,9.866,138.183,19.582,2.326,2.578,208.174,0.744,34.035,10.971,6.401,84.55,107.21,158.315,382.955,262.345,173.61,4259.39,3932.76,4254.675,143.9,5715.05,6562.02,705.785,1089.705,383.92,1154.685,171.71,307.695
8378,0.567,1.382,0.329,11.811,128.123,23.273,5.838,2.35,194.937,1.078,44.545,17.932,11.222,94.26,162.39,139.87,641.9,293.395,150.81,2220.42,3084.705,3665.03,55.67,5590.305,5201.665,653.69,874.15,220.46,1368.45,212.59,318.22
7300,0.568,1.205,0.332,9.494,134.99,20.231,4.29,1.848,257.916,1.996,46.893,13.432,8.218,158.27,269.58,159.72,979.96,507.46,204.03,3741.34,2967.95,3685.26,148.215,6212.515,6188.275,524.715,827.285,302.57,1038.685,167.62,327.16
6989,0.576,1.133,0.352,8.147,129.651,18.915,3.229,1.61,201.603,1.119,27.32,9.359,8.478,106.63,145.865,165.03,461.705,414.015,115.445,1295.085,2980.98,2604.445,160.69,4789.71,5225.325,447.835,668.55,220.715,918.375,154.28,326.43
7224,0.587,1.23,0.305,9.904,104.926,19.115,5.225,3.643,174.553,1.893,39.724,20.798,5.372,228.98,150.615,104.27,112.4,327.565,140.7,4198.285,2385.53,3487.67,60.91,5839.73,6116.47,501.265,697.11,195.845,1173.825,169.355,263.015
7002,0.596,1.285,0.345,9.794,151.214,22.825,2.514,1.447,189.086,1.78,26.023,12.971,5.649,63.51,79.88,117.97,726.24,65.28,133.68,1649.05,4620.1,7305.98,192.4316284,5623.78,8188.72,793.61,650.42,351.6805919,1053.67,146.18,368.46
7026,0.628,1.193,0.365,9.478,142.497,18.476,2.319,2.823,224.022,1.752,28.223,8.778,6.28,125.505,232.3471651,129.975,555.54,443.825,155.33,2288.625,2963.26,3870.96,66.475,6298.535,6511.795,470.74,770,299.26,1092.755,181.645,311.27
7011,0.661,1.259,0.344,8.487,135.061,15.599,2.483,2.684,189.061,1.651,19.318,11.678,6.584,52.185,329.27,128.845,703.14,291.99,123.045,2385.93,2805.115,3183.99,192.4316284,5094.47,5165.89,418.735,584.005,165.27,1013.555,170.505,260.385
7004,0.663,1.1,0.305,9.655,151.513,19.633,1.349,2.16,176.284,0.945,20.048,7.945,4.794,85.73,86.19,76.325,486.535,468.595,130.01,1328.255,1899.84,5271.2,192.4316284,4414.185,4481.6,281.775,425.135,143.36,856.795,206.34,277.91
7014,0.683,1.304,0.328,10.078,124.31,15.823,3.833,1.858,184.566,1.971,22.414,12.007,7.098,159.84,136.375,152.09,642.99,299.25,136.94,3772.025,3347.475,3555.8,192.4316284,5068.385,5968.31,429.575,739.135,309.56,943.81,156.805,252.675
